{
  "resourceType": "ValueSet",
  "id": "33075",
  "meta": {
    "lastUpdated": "2021-08-30T01:39:05.521-04:00"
  },
  "url": "https://www.ncqa.org/fhir/valueset/2.16.840.1.113883.3.464.1004.1918",
  "identifier": [
    {
      "value": "2.16.840.1.113883.3.464.1004.1918"
    }
  ],
  "version": "2021-08-02",
  "name": "Herpes_Zoster_Recombinant_Vaccine_Procedure",
  "title": "Herpes Zoster Recombinant Vaccine Procedure",
  "status": "active",
  "expansion": {
    "timestamp": "2021-09-03T17:32:56-04:00",
    "total": 1,
    "offset": 0,
    "contains": [
      {
        "system": "http://www.ama-assn.org/go/cpt",
        "version": "2021.5.21AA",
        "code": "90750",
        "display": "Zoster (shingles) vaccine (HZV), recombinant, subunit, adjuvanted, for intramuscular use"
      }
    ]
  }
}