{
  "resourceType": "ValueSet",
  "id": "33109",
  "meta": {
    "lastUpdated": "2021-08-30T02:15:53.796-04:00"
  },
  "url": "https://www.ncqa.org/fhir/valueset/2.16.840.1.113883.3.464.1004.1922",
  "identifier": [
    {
      "value": "2.16.840.1.113883.3.464.1004.1922"
    }
  ],
  "version": "2021-08-02",
  "name": "Pneumococcal_Polysaccharide_23_Vaccine_Procedure",
  "title": "Pneumococcal Polysaccharide 23 Vaccine Procedure",
  "status": "active",
  "expansion": {
    "timestamp": "2021-09-03T17:34:46-04:00",
    "total": 1,
    "offset": 0,
    "contains": [
      {
        "system": "http://www.ama-assn.org/go/cpt",
        "version": "2021.5.21AA",
        "code": "90732",
        "display": "Pneumococcal polysaccharide vaccine, 23-valent (PPSV23), adult or immunosuppressed patient dosage, when administered to individuals 2 years or older, for subcutaneous or intramuscular use"
      }
    ]
  }
}