{
  "resourceType": "ValueSet",
  "id": "33048",
  "meta": {
    "lastUpdated": "2021-08-30T01:09:36.879-04:00"
  },
  "url": "https://www.ncqa.org/fhir/valueset/2.16.840.1.113883.3.464.1004.1520",
  "identifier": [
    {
      "value": "2.16.840.1.113883.3.464.1004.1520"
    }
  ],
  "version": "2021-08-02",
  "name": "Cochlear_Implant_Diagnosis",
  "title": "Cochlear Implant Diagnosis",
  "status": "active",
  "expansion": {
    "timestamp": "2021-09-03T17:32:54-04:00",
    "total": 2,
    "offset": 0,
    "contains": [
      {
        "system": "http://hl7.org/fhir/sid/icd-10-cm",
        "version": "2022.1.21AA",
        "code": "Z96.20",
        "display": "Presence of otological and audiological implant, unspecified"
      },
      {
        "system": "http://hl7.org/fhir/sid/icd-10-cm",
        "version": "2022.1.21AA",
        "code": "Z96.21",
        "display": "Cochlear implant status"
      }
    ]
  }
}