{
  "resourceType": "ValueSet",
  "id": "33117",
  "meta": {
    "lastUpdated": "2021-08-30T02:39:46.255-04:00"
  },
  "url": "https://www.ncqa.org/fhir/valueset/2.16.840.1.113883.3.464.1004.1792",
  "identifier": [
    {
      "value": "2.16.840.1.113883.3.464.1004.1792"
    }
  ],
  "version": "2021-08-02",
  "name": "Tdap_Vaccine_Procedure",
  "title": "Tdap Vaccine Procedure",
  "status": "active",
  "expansion": {
    "timestamp": "2021-09-03T17:34:49-04:00",
    "total": 2,
    "offset": 0,
    "contains": [
      {
        "system": "http://snomed.info/sct",
        "version": "2021.03.20AB",
        "code": "428251000124104",
        "display": "Tetanus, diphtheria and acellular pertussis vaccination"
      },
      {
        "system": "http://www.ama-assn.org/go/cpt",
        "version": "2021.5.21AA",
        "code": "90715",
        "display": "Tetanus, diphtheria toxoids and acellular pertussis vaccine (Tdap), when administered to individuals 7 years or older, for intramuscular use"
      }
    ]
  }
}