{
  "resourceType": "ValueSet",
  "id": "33636",
  "meta": {
    "lastUpdated": "2021-08-30T00:50:35.050-04:00"
  },
  "url": "https://www.ncqa.org/fhir/valueset/2.16.840.1.113883.3.464.1004.2240",
  "identifier": [
    {
      "value": "2.16.840.1.113883.3.464.1004.2240"
    }
  ],
  "version": "2021-08-02",
  "name": "Anaphylaxis_Due_to_Diphtheria_Tetanus_or_Pertussis_Vaccine",
  "title": "Anaphylaxis Due to Diphtheria, Tetanus or Pertussis Vaccine",
  "status": "active",
  "expansion": {
    "timestamp": "2021-09-03T17:34:50-04:00",
    "total": 2,
    "offset": 0,
    "contains": [
      {
        "system": "http://snomed.info/sct",
        "version": "2021.03.20AB",
        "code": "428281000124107",
        "display": "Anaphylaxis due to diphtheria and tetanus vaccine"
      },
      {
        "system": "http://snomed.info/sct",
        "version": "2021.03.20AB",
        "code": "428291000124105",
        "display": "Anaphylaxis due to tetanus, diphtheria and acellular pertussis vaccine"
      }
    ]
  }
}