{
  "resourceType": "ValueSet",
  "id": "33115",
  "meta": {
    "lastUpdated": "2021-08-30T02:39:34.283-04:00"
  },
  "url": "https://www.ncqa.org/fhir/valueset/2.16.840.1.113883.3.464.1004.1924",
  "identifier": [
    {
      "value": "2.16.840.1.113883.3.464.1004.1924"
    }
  ],
  "version": "2021-08-02",
  "name": "Td_Vaccine_Procedure",
  "title": "Td Vaccine Procedure",
  "status": "active",
  "expansion": {
    "timestamp": "2021-09-03T17:34:49-04:00",
    "total": 2,
    "offset": 0,
    "contains": [
      {
        "system": "http://www.ama-assn.org/go/cpt",
        "inactive": true,
        "version": "2021.5.21AA",
        "code": "90718",
        "display": "Tetanus and diphtheria toxoids (Td) adsorbed when administered to individuals 7 years or older, for intramuscular use"
      },
      {
        "system": "http://www.ama-assn.org/go/cpt",
        "version": "2021.5.21AA",
        "code": "90714",
        "display": "Tetanus and diphtheria toxoids adsorbed (Td), preservative free, when administered to individuals 7 years or older, for intramuscular use"
      }
    ]
  }
}