{
  "resourceType": "ValueSet",
  "id": "33040",
  "meta": {
    "lastUpdated": "2021-08-30T01:04:33.225-04:00"
  },
  "url": "https://www.ncqa.org/fhir/valueset/2.16.840.1.113883.3.464.1004.1519",
  "identifier": [
    {
      "value": "2.16.840.1.113883.3.464.1004.1519"
    }
  ],
  "version": "2021-08-02",
  "name": "Chemotherapy_Encounter",
  "title": "Chemotherapy Encounter",
  "status": "active",
  "expansion": {
    "timestamp": "2021-09-03T17:32:51-04:00",
    "total": 3,
    "offset": 0,
    "contains": [
      {
        "system": "http://hl7.org/fhir/sid/icd-10-cm",
        "version": "2022.1.21AA",
        "code": "Z51.0",
        "display": "Encounter for antineoplastic radiation therapy"
      },
      {
        "system": "http://hl7.org/fhir/sid/icd-10-cm",
        "version": "2022.1.21AA",
        "code": "Z51.11",
        "display": "Encounter for antineoplastic chemotherapy"
      },
      {
        "system": "http://hl7.org/fhir/sid/icd-10-cm",
        "version": "2022.1.21AA",
        "code": "Z51.12",
        "display": "Encounter for antineoplastic immunotherapy"
      }
    ]
  }
}