{
  "resourceType": "ValueSet",
  "id": "33036",
  "meta": {
    "lastUpdated": "2021-08-30T00:59:16.573-04:00"
  },
  "url": "https://www.ncqa.org/fhir/valueset/2.16.840.1.113883.3.464.1004.1325",
  "identifier": [
    {
      "value": "2.16.840.1.113883.3.464.1004.1325"
    }
  ],
  "version": "2021-08-02",
  "name": "Bone_Marrow_Transplant",
  "title": "Bone Marrow Transplant",
  "status": "active",
  "expansion": {
    "timestamp": "2021-09-03T17:32:49-04:00",
    "total": 106,
    "offset": 0,
    "contains": [
      {
        "system": "http://snomed.info/sct",
        "version": "2021.03.20AB",
        "code": "58390007",
        "display": "Allogeneic bone marrow transplantation"
      },
      {
        "system": "http://snomed.info/sct",
        "version": "2021.03.20AB",
        "code": "446253009",
        "display": "Allogeneic bone marrow transplantation with purging"
      },
      {
        "system": "http://snomed.info/sct",
        "version": "2021.03.20AB",
        "code": "445757003",
        "display": "Allogeneic bone marrow transplantation without purging"
      },
      {
        "system": "http://snomed.info/sct",
        "version": "2021.03.20AB",
        "code": "234334004",
        "display": "Allogeneic related bone marrow transplant"
      },
      {
        "system": "http://snomed.info/sct",
        "version": "2021.03.20AB",
        "code": "234335003",
        "display": "Allogeneic unrelated bone marrow transplant"
      },
      {
        "system": "http://snomed.info/sct",
        "version": "2021.03.20AB",
        "code": "427423003",
        "display": "Allograft of bone marrow from matched unrelated donor"
      },
      {
        "system": "http://snomed.info/sct",
        "version": "2021.03.20AB",
        "code": "426425001",
        "display": "Allograft of bone marrow from sibling donor"
      },
      {
        "system": "http://snomed.info/sct",
        "version": "2021.03.20AB",
        "code": "58776007",
        "display": "Autologous bone marrow transplant"
      },
      {
        "system": "http://snomed.info/sct",
        "version": "2021.03.20AB",
        "code": "46280001",
        "display": "Autologous bone marrow transplant with purging"
      },
      {
        "system": "http://snomed.info/sct",
        "version": "2021.03.20AB",
        "code": "19944001",
        "display": "Autologous bone marrow transplant without purging"
      },
      {
        "system": "http://snomed.info/sct",
        "version": "2021.03.20AB",
        "code": "442557006",
        "display": "Grafting of bone marrow using allograft from unmatched unrelated donor"
      },
      {
        "system": "http://snomed.info/sct",
        "version": "2021.03.20AB",
        "code": "234336002",
        "display": "Hemopoietic stem cell transplant"
      },
      {
        "system": "http://snomed.info/sct",
        "version": "2021.03.20AB",
        "code": "234333005",
        "display": "Imperfect T-cell depleted allogeneic bone marrow graft"
      },
      {
        "system": "http://snomed.info/sct",
        "version": "2021.03.20AB",
        "code": "234331007",
        "display": "Syngeneic bone marrow transplant"
      },
      {
        "system": "http://snomed.info/sct",
        "version": "2021.03.20AB",
        "code": "234332000",
        "display": "T-cell depleted allogeneic bone marrow graft"
      },
      {
        "system": "http://snomed.info/sct",
        "version": "2021.03.20AB",
        "code": "709115004",
        "display": "Transplantation of autologous hematopoietic stem cell"
      },
      {
        "system": "http://snomed.info/sct",
        "version": "2021.03.20AB",
        "code": "711429001",
        "display": "Transplantation of autologous progenitor cell"
      },
      {
        "system": "http://snomed.info/sct",
        "version": "2021.03.20AB",
        "code": "23719005",
        "display": "Transplantation of bone marrow"
      },
      {
        "system": "https://www.cms.gov/Medicare/Coding/ICD10",
        "inactive": true,
        "version": "2022.1.21AA",
        "code": "30230AZ",
        "display": "Transfusion of Embryonic Stem Cells into Peripheral Vein, Open Approach"
      },
      {
        "system": "https://www.cms.gov/Medicare/Coding/ICD10",
        "inactive": true,
        "version": "2022.1.21AA",
        "code": "30230G0",
        "display": "Transfusion of Autologous Bone Marrow into Peripheral Vein, Open Approach"
      },
      {
        "system": "https://www.cms.gov/Medicare/Coding/ICD10",
        "inactive": true,
        "version": "2022.1.21AA",
        "code": "30230G1",
        "display": "Transfusion of Nonautologous Bone Marrow into Peripheral Vein, Open Approach"
      },
      {
        "system": "https://www.cms.gov/Medicare/Coding/ICD10",
        "inactive": true,
        "version": "2022.1.21AA",
        "code": "30230G2",
        "display": "Transfusion of Allogeneic Related Bone Marrow into Peripheral Vein, Open Approach"
      },
      {
        "system": "https://www.cms.gov/Medicare/Coding/ICD10",
        "inactive": true,
        "version": "2022.1.21AA",
        "code": "30230G3",
        "display": "Transfusion of Allogeneic Unrelated Bone Marrow into Peripheral Vein, Open Approach"
      },
      {
        "system": "https://www.cms.gov/Medicare/Coding/ICD10",
        "inactive": true,
        "version": "2022.1.21AA",
        "code": "30230G4",
        "display": "Transfusion of Allogeneic Unspecified Bone Marrow into Peripheral Vein, Open Approach"
      },
      {
        "system": "https://www.cms.gov/Medicare/Coding/ICD10",
        "inactive": true,
        "version": "2022.1.21AA",
        "code": "30230X0",
        "display": "Transfusion of Autologous Cord Blood Stem Cells into Peripheral Vein, Open Approach"
      },
      {
        "system": "https://www.cms.gov/Medicare/Coding/ICD10",
        "inactive": true,
        "version": "2022.1.21AA",
        "code": "30230X1",
        "display": "Transfusion of Nonautologous Cord Blood Stem Cells into Peripheral Vein, Open Approach"
      },
      {
        "system": "https://www.cms.gov/Medicare/Coding/ICD10",
        "inactive": true,
        "version": "2022.1.21AA",
        "code": "30230X2",
        "display": "Transfusion of Allogeneic Related Cord Blood Stem Cells into Peripheral Vein, Open Approach"
      },
      {
        "system": "https://www.cms.gov/Medicare/Coding/ICD10",
        "inactive": true,
        "version": "2022.1.21AA",
        "code": "30230X3",
        "display": "Transfusion of Allogeneic Unrelated Cord Blood Stem Cells into Peripheral Vein, Open Approach"
      },
      {
        "system": "https://www.cms.gov/Medicare/Coding/ICD10",
        "inactive": true,
        "version": "2022.1.21AA",
        "code": "30230X4",
        "display": "Transfusion of Allogeneic Unspecified Cord Blood Stem Cells into Peripheral Vein, Open Approach"
      },
      {
        "system": "https://www.cms.gov/Medicare/Coding/ICD10",
        "inactive": true,
        "version": "2022.1.21AA",
        "code": "30230Y0",
        "display": "Transfusion of Autologous Hematopoietic Stem Cells into Peripheral Vein, Open Approach"
      },
      {
        "system": "https://www.cms.gov/Medicare/Coding/ICD10",
        "inactive": true,
        "version": "2022.1.21AA",
        "code": "30230Y1",
        "display": "Transfusion of Nonautologous Hematopoietic Stem Cells into Peripheral Vein, Open Approach"
      },
      {
        "system": "https://www.cms.gov/Medicare/Coding/ICD10",
        "inactive": true,
        "version": "2022.1.21AA",
        "code": "30230Y2",
        "display": "Transfusion of Allogeneic Related Hematopoietic Stem Cells into Peripheral Vein, Open Approach"
      },
      {
        "system": "https://www.cms.gov/Medicare/Coding/ICD10",
        "inactive": true,
        "version": "2022.1.21AA",
        "code": "30230Y3",
        "display": "Transfusion of Allogeneic Unrelated Hematopoietic Stem Cells into Peripheral Vein, Open Approach"
      },
      {
        "system": "https://www.cms.gov/Medicare/Coding/ICD10",
        "inactive": true,
        "version": "2022.1.21AA",
        "code": "30230Y4",
        "display": "Transfusion of Allogeneic Unspecified Hematopoietic Stem Cells into Peripheral Vein, Open Approach"
      },
      {
        "system": "https://www.cms.gov/Medicare/Coding/ICD10",
        "version": "2022.1.21AA",
        "code": "30233AZ",
        "display": "Transfusion of Embryonic Stem Cells into Peripheral Vein, Percutaneous Approach"
      },
      {
        "system": "https://www.cms.gov/Medicare/Coding/ICD10",
        "version": "2022.1.21AA",
        "code": "30233G0",
        "display": "Transfusion of Autologous Bone Marrow into Peripheral Vein, Percutaneous Approach"
      },
      {
        "system": "https://www.cms.gov/Medicare/Coding/ICD10",
        "inactive": true,
        "version": "2022.1.21AA",
        "code": "30233G1",
        "display": "Transfusion of Nonautologous Bone Marrow into Peripheral Vein, Percutaneous Approach"
      },
      {
        "system": "https://www.cms.gov/Medicare/Coding/ICD10",
        "version": "2022.1.21AA",
        "code": "30233G2",
        "display": "Transfusion of Allogeneic Related Bone Marrow into Peripheral Vein, Percutaneous Approach"
      },
      {
        "system": "https://www.cms.gov/Medicare/Coding/ICD10",
        "version": "2022.1.21AA",
        "code": "30233G3",
        "display": "Transfusion of Allogeneic Unrelated Bone Marrow into Peripheral Vein, Percutaneous Approach"
      },
      {
        "system": "https://www.cms.gov/Medicare/Coding/ICD10",
        "version": "2022.1.21AA",
        "code": "30233G4",
        "display": "Transfusion of Allogeneic Unspecified Bone Marrow into Peripheral Vein, Percutaneous Approach"
      },
      {
        "system": "https://www.cms.gov/Medicare/Coding/ICD10",
        "version": "2022.1.21AA",
        "code": "30233X0",
        "display": "Transfusion of Autologous Cord Blood Stem Cells into Peripheral Vein, Percutaneous Approach"
      },
      {
        "system": "https://www.cms.gov/Medicare/Coding/ICD10",
        "inactive": true,
        "version": "2022.1.21AA",
        "code": "30233X1",
        "display": "Transfusion of Nonautologous Cord Blood Stem Cells into Peripheral Vein, Percutaneous Approach"
      },
      {
        "system": "https://www.cms.gov/Medicare/Coding/ICD10",
        "version": "2022.1.21AA",
        "code": "30233X2",
        "display": "Transfusion of Allogeneic Related Cord Blood Stem Cells into Peripheral Vein, Percutaneous Approach"
      },
      {
        "system": "https://www.cms.gov/Medicare/Coding/ICD10",
        "version": "2022.1.21AA",
        "code": "30233X3",
        "display": "Transfusion of Allogeneic Unrelated Cord Blood Stem Cells into Peripheral Vein, Percutaneous Approach"
      },
      {
        "system": "https://www.cms.gov/Medicare/Coding/ICD10",
        "version": "2022.1.21AA",
        "code": "30233X4",
        "display": "Transfusion of Allogeneic Unspecified Cord Blood Stem Cells into Peripheral Vein, Percutaneous Approach"
      },
      {
        "system": "https://www.cms.gov/Medicare/Coding/ICD10",
        "version": "2022.1.21AA",
        "code": "30233Y0",
        "display": "Transfusion of Autologous Hematopoietic Stem Cells into Peripheral Vein, Percutaneous Approach"
      },
      {
        "system": "https://www.cms.gov/Medicare/Coding/ICD10",
        "inactive": true,
        "version": "2022.1.21AA",
        "code": "30233Y1",
        "display": "Transfusion of Nonautologous Hematopoietic Stem Cells into Peripheral Vein, Percutaneous Approach"
      },
      {
        "system": "https://www.cms.gov/Medicare/Coding/ICD10",
        "version": "2022.1.21AA",
        "code": "30233Y2",
        "display": "Transfusion of Allogeneic Related Hematopoietic Stem Cells into Peripheral Vein, Percutaneous Approach"
      },
      {
        "system": "https://www.cms.gov/Medicare/Coding/ICD10",
        "version": "2022.1.21AA",
        "code": "30233Y3",
        "display": "Transfusion of Allogeneic Unrelated Hematopoietic Stem Cells into Peripheral Vein, Percutaneous Approach"
      },
      {
        "system": "https://www.cms.gov/Medicare/Coding/ICD10",
        "version": "2022.1.21AA",
        "code": "30233Y4",
        "display": "Transfusion of Allogeneic Unspecified Hematopoietic Stem Cells into Peripheral Vein, Percutaneous Approach"
      },
      {
        "system": "https://www.cms.gov/Medicare/Coding/ICD10",
        "inactive": true,
        "version": "2022.1.21AA",
        "code": "30240AZ",
        "display": "Transfusion of Embryonic Stem Cells into Central Vein, Open Approach"
      },
      {
        "system": "https://www.cms.gov/Medicare/Coding/ICD10",
        "inactive": true,
        "version": "2022.1.21AA",
        "code": "30240G0",
        "display": "Transfusion of Autologous Bone Marrow into Central Vein, Open Approach"
      },
      {
        "system": "https://www.cms.gov/Medicare/Coding/ICD10",
        "inactive": true,
        "version": "2022.1.21AA",
        "code": "30240G1",
        "display": "Transfusion of Nonautologous Bone Marrow into Central Vein, Open Approach"
      },
      {
        "system": "https://www.cms.gov/Medicare/Coding/ICD10",
        "inactive": true,
        "version": "2022.1.21AA",
        "code": "30240G2",
        "display": "Transfusion of Allogeneic Related Bone Marrow into Central Vein, Open Approach"
      },
      {
        "system": "https://www.cms.gov/Medicare/Coding/ICD10",
        "inactive": true,
        "version": "2022.1.21AA",
        "code": "30240G3",
        "display": "Transfusion of Allogeneic Unrelated Bone Marrow into Central Vein, Open Approach"
      },
      {
        "system": "https://www.cms.gov/Medicare/Coding/ICD10",
        "inactive": true,
        "version": "2022.1.21AA",
        "code": "30240G4",
        "display": "Transfusion of Allogeneic Unspecified Bone Marrow into Central Vein, Open Approach"
      },
      {
        "system": "https://www.cms.gov/Medicare/Coding/ICD10",
        "inactive": true,
        "version": "2022.1.21AA",
        "code": "30240X0",
        "display": "Transfusion of Autologous Cord Blood Stem Cells into Central Vein, Open Approach"
      },
      {
        "system": "https://www.cms.gov/Medicare/Coding/ICD10",
        "inactive": true,
        "version": "2022.1.21AA",
        "code": "30240X1",
        "display": "Transfusion of Nonautologous Cord Blood Stem Cells into Central Vein, Open Approach"
      },
      {
        "system": "https://www.cms.gov/Medicare/Coding/ICD10",
        "inactive": true,
        "version": "2022.1.21AA",
        "code": "30240X2",
        "display": "Transfusion of Allogeneic Related Cord Blood Stem Cells into Central Vein, Open Approach"
      },
      {
        "system": "https://www.cms.gov/Medicare/Coding/ICD10",
        "inactive": true,
        "version": "2022.1.21AA",
        "code": "30240X3",
        "display": "Transfusion of Allogeneic Unrelated Cord Blood Stem Cells into Central Vein, Open Approach"
      },
      {
        "system": "https://www.cms.gov/Medicare/Coding/ICD10",
        "inactive": true,
        "version": "2022.1.21AA",
        "code": "30240X4",
        "display": "Transfusion of Allogeneic Unspecified Cord Blood Stem Cells into Central Vein, Open Approach"
      },
      {
        "system": "https://www.cms.gov/Medicare/Coding/ICD10",
        "inactive": true,
        "version": "2022.1.21AA",
        "code": "30240Y0",
        "display": "Transfusion of Autologous Hematopoietic Stem Cells into Central Vein, Open Approach"
      },
      {
        "system": "https://www.cms.gov/Medicare/Coding/ICD10",
        "inactive": true,
        "version": "2022.1.21AA",
        "code": "30240Y1",
        "display": "Transfusion of Nonautologous Hematopoietic Stem Cells into Central Vein, Open Approach"
      },
      {
        "system": "https://www.cms.gov/Medicare/Coding/ICD10",
        "inactive": true,
        "version": "2022.1.21AA",
        "code": "30240Y2",
        "display": "Transfusion of Allogeneic Related Hematopoietic Stem Cells into Central Vein, Open Approach"
      },
      {
        "system": "https://www.cms.gov/Medicare/Coding/ICD10",
        "inactive": true,
        "version": "2022.1.21AA",
        "code": "30240Y3",
        "display": "Transfusion of Allogeneic Unrelated Hematopoietic Stem Cells into Central Vein, Open Approach"
      },
      {
        "system": "https://www.cms.gov/Medicare/Coding/ICD10",
        "inactive": true,
        "version": "2022.1.21AA",
        "code": "30240Y4",
        "display": "Transfusion of Allogeneic Unspecified Hematopoietic Stem Cells into Central Vein, Open Approach"
      },
      {
        "system": "https://www.cms.gov/Medicare/Coding/ICD10",
        "version": "2022.1.21AA",
        "code": "30243AZ",
        "display": "Transfusion of Embryonic Stem Cells into Central Vein, Percutaneous Approach"
      },
      {
        "system": "https://www.cms.gov/Medicare/Coding/ICD10",
        "version": "2022.1.21AA",
        "code": "30243G0",
        "display": "Transfusion of Autologous Bone Marrow into Central Vein, Percutaneous Approach"
      },
      {
        "system": "https://www.cms.gov/Medicare/Coding/ICD10",
        "inactive": true,
        "version": "2022.1.21AA",
        "code": "30243G1",
        "display": "Transfusion of Nonautologous Bone Marrow into Central Vein, Percutaneous Approach"
      },
      {
        "system": "https://www.cms.gov/Medicare/Coding/ICD10",
        "version": "2022.1.21AA",
        "code": "30243G2",
        "display": "Transfusion of Allogeneic Related Bone Marrow into Central Vein, Percutaneous Approach"
      },
      {
        "system": "https://www.cms.gov/Medicare/Coding/ICD10",
        "version": "2022.1.21AA",
        "code": "30243G3",
        "display": "Transfusion of Allogeneic Unrelated Bone Marrow into Central Vein, Percutaneous Approach"
      },
      {
        "system": "https://www.cms.gov/Medicare/Coding/ICD10",
        "version": "2022.1.21AA",
        "code": "30243G4",
        "display": "Transfusion of Allogeneic Unspecified Bone Marrow into Central Vein, Percutaneous Approach"
      },
      {
        "system": "https://www.cms.gov/Medicare/Coding/ICD10",
        "version": "2022.1.21AA",
        "code": "30243X0",
        "display": "Transfusion of Autologous Cord Blood Stem Cells into Central Vein, Percutaneous Approach"
      },
      {
        "system": "https://www.cms.gov/Medicare/Coding/ICD10",
        "inactive": true,
        "version": "2022.1.21AA",
        "code": "30243X1",
        "display": "Transfusion of Nonautologous Cord Blood Stem Cells into Central Vein, Percutaneous Approach"
      },
      {
        "system": "https://www.cms.gov/Medicare/Coding/ICD10",
        "version": "2022.1.21AA",
        "code": "30243X2",
        "display": "Transfusion of Allogeneic Related Cord Blood Stem Cells into Central Vein, Percutaneous Approach"
      },
      {
        "system": "https://www.cms.gov/Medicare/Coding/ICD10",
        "version": "2022.1.21AA",
        "code": "30243X3",
        "display": "Transfusion of Allogeneic Unrelated Cord Blood Stem Cells into Central Vein, Percutaneous Approach"
      },
      {
        "system": "https://www.cms.gov/Medicare/Coding/ICD10",
        "version": "2022.1.21AA",
        "code": "30243X4",
        "display": "Transfusion of Allogeneic Unspecified Cord Blood Stem Cells into Central Vein, Percutaneous Approach"
      },
      {
        "system": "https://www.cms.gov/Medicare/Coding/ICD10",
        "version": "2022.1.21AA",
        "code": "30243Y0",
        "display": "Transfusion of Autologous Hematopoietic Stem Cells into Central Vein, Percutaneous Approach"
      },
      {
        "system": "https://www.cms.gov/Medicare/Coding/ICD10",
        "inactive": true,
        "version": "2022.1.21AA",
        "code": "30243Y1",
        "display": "Transfusion of Nonautologous Hematopoietic Stem Cells into Central Vein, Percutaneous Approach"
      },
      {
        "system": "https://www.cms.gov/Medicare/Coding/ICD10",
        "version": "2022.1.21AA",
        "code": "30243Y2",
        "display": "Transfusion of Allogeneic Related Hematopoietic Stem Cells into Central Vein, Percutaneous Approach"
      },
      {
        "system": "https://www.cms.gov/Medicare/Coding/ICD10",
        "version": "2022.1.21AA",
        "code": "30243Y3",
        "display": "Transfusion of Allogeneic Unrelated Hematopoietic Stem Cells into Central Vein, Percutaneous Approach"
      },
      {
        "system": "https://www.cms.gov/Medicare/Coding/ICD10",
        "version": "2022.1.21AA",
        "code": "30243Y4",
        "display": "Transfusion of Allogeneic Unspecified Hematopoietic Stem Cells into Central Vein, Percutaneous Approach"
      },
      {
        "system": "https://www.cms.gov/Medicare/Coding/ICD10",
        "inactive": true,
        "version": "2022.1.21AA",
        "code": "30250G0",
        "display": "Transfusion of Autologous Bone Marrow into Peripheral Artery, Open Approach"
      },
      {
        "system": "https://www.cms.gov/Medicare/Coding/ICD10",
        "inactive": true,
        "version": "2022.1.21AA",
        "code": "30250G1",
        "display": "Transfusion of Nonautologous Bone Marrow into Peripheral Artery, Open Approach"
      },
      {
        "system": "https://www.cms.gov/Medicare/Coding/ICD10",
        "inactive": true,
        "version": "2022.1.21AA",
        "code": "30250X0",
        "display": "Transfusion of Autologous Cord Blood Stem Cells into Peripheral Artery, Open Approach"
      },
      {
        "system": "https://www.cms.gov/Medicare/Coding/ICD10",
        "inactive": true,
        "version": "2022.1.21AA",
        "code": "30250X1",
        "display": "Transfusion of Nonautologous Cord Blood Stem Cells into Peripheral Artery, Open Approach"
      },
      {
        "system": "https://www.cms.gov/Medicare/Coding/ICD10",
        "inactive": true,
        "version": "2022.1.21AA",
        "code": "30250Y0",
        "display": "Transfusion of Autologous Hematopoietic Stem Cells into Peripheral Artery, Open Approach"
      },
      {
        "system": "https://www.cms.gov/Medicare/Coding/ICD10",
        "inactive": true,
        "version": "2022.1.21AA",
        "code": "30250Y1",
        "display": "Transfusion of Nonautologous Hematopoietic Stem Cells into Peripheral Artery, Open Approach"
      },
      {
        "system": "https://www.cms.gov/Medicare/Coding/ICD10",
        "inactive": true,
        "version": "2022.1.21AA",
        "code": "30253G0",
        "display": "Transfusion of Autologous Bone Marrow into Peripheral Artery, Percutaneous Approach"
      },
      {
        "system": "https://www.cms.gov/Medicare/Coding/ICD10",
        "inactive": true,
        "version": "2022.1.21AA",
        "code": "30253G1",
        "display": "Transfusion of Nonautologous Bone Marrow into Peripheral Artery, Percutaneous Approach"
      },
      {
        "system": "https://www.cms.gov/Medicare/Coding/ICD10",
        "inactive": true,
        "version": "2022.1.21AA",
        "code": "30253X0",
        "display": "Transfusion of Autologous Cord Blood Stem Cells into Peripheral Artery, Percutaneous Approach"
      },
      {
        "system": "https://www.cms.gov/Medicare/Coding/ICD10",
        "inactive": true,
        "version": "2022.1.21AA",
        "code": "30253X1",
        "display": "Transfusion of Nonautologous Cord Blood Stem Cells into Peripheral Artery, Percutaneous Approach"
      },
      {
        "system": "https://www.cms.gov/Medicare/Coding/ICD10",
        "inactive": true,
        "version": "2022.1.21AA",
        "code": "30253Y0",
        "display": "Transfusion of Autologous Hematopoietic Stem Cells into Peripheral Artery, Percutaneous Approach"
      },
      {
        "system": "https://www.cms.gov/Medicare/Coding/ICD10",
        "inactive": true,
        "version": "2022.1.21AA",
        "code": "30253Y1",
        "display": "Transfusion of Nonautologous Hematopoietic Stem Cells into Peripheral Artery, Percutaneous Approach"
      },
      {
        "system": "https://www.cms.gov/Medicare/Coding/ICD10",
        "inactive": true,
        "version": "2022.1.21AA",
        "code": "30260G0",
        "display": "Transfusion of Autologous Bone Marrow into Central Artery, Open Approach"
      },
      {
        "system": "https://www.cms.gov/Medicare/Coding/ICD10",
        "inactive": true,
        "version": "2022.1.21AA",
        "code": "30260G1",
        "display": "Transfusion of Nonautologous Bone Marrow into Central Artery, Open Approach"
      },
      {
        "system": "https://www.cms.gov/Medicare/Coding/ICD10",
        "inactive": true,
        "version": "2022.1.21AA",
        "code": "30260X0",
        "display": "Transfusion of Autologous Cord Blood Stem Cells into Central Artery, Open Approach"
      },
      {
        "system": "https://www.cms.gov/Medicare/Coding/ICD10",
        "inactive": true,
        "version": "2022.1.21AA",
        "code": "30260X1",
        "display": "Transfusion of Nonautologous Cord Blood Stem Cells into Central Artery, Open Approach"
      },
      {
        "system": "https://www.cms.gov/Medicare/Coding/ICD10",
        "inactive": true,
        "version": "2022.1.21AA",
        "code": "30260Y0",
        "display": "Transfusion of Autologous Hematopoietic Stem Cells into Central Artery, Open Approach"
      },
      {
        "system": "https://www.cms.gov/Medicare/Coding/ICD10",
        "inactive": true,
        "version": "2022.1.21AA",
        "code": "30260Y1",
        "display": "Transfusion of Nonautologous Hematopoietic Stem Cells into Central Artery, Open Approach"
      },
      {
        "system": "https://www.cms.gov/Medicare/Coding/ICD10",
        "inactive": true,
        "version": "2022.1.21AA",
        "code": "30263G0",
        "display": "Transfusion of Autologous Bone Marrow into Central Artery, Percutaneous Approach"
      },
      {
        "system": "https://www.cms.gov/Medicare/Coding/ICD10",
        "inactive": true,
        "version": "2022.1.21AA",
        "code": "30263G1",
        "display": "Transfusion of Nonautologous Bone Marrow into Central Artery, Percutaneous Approach"
      },
      {
        "system": "https://www.cms.gov/Medicare/Coding/ICD10",
        "inactive": true,
        "version": "2022.1.21AA",
        "code": "30263X0",
        "display": "Transfusion of Autologous Cord Blood Stem Cells into Central Artery, Percutaneous Approach"
      },
      {
        "system": "https://www.cms.gov/Medicare/Coding/ICD10",
        "inactive": true,
        "version": "2022.1.21AA",
        "code": "30263X1",
        "display": "Transfusion of Nonautologous Cord Blood Stem Cells into Central Artery, Percutaneous Approach"
      },
      {
        "system": "https://www.cms.gov/Medicare/Coding/ICD10",
        "inactive": true,
        "version": "2022.1.21AA",
        "code": "30263Y0",
        "display": "Transfusion of Autologous Hematopoietic Stem Cells into Central Artery, Percutaneous Approach"
      },
      {
        "system": "https://www.cms.gov/Medicare/Coding/ICD10",
        "inactive": true,
        "version": "2022.1.21AA",
        "code": "30263Y1",
        "display": "Transfusion of Nonautologous Hematopoietic Stem Cells into Central Artery, Percutaneous Approach"
      }
    ]
  }
}