{
  "resourceType": "ValueSet",
  "id": "33072",
  "meta": {
    "lastUpdated": "2021-08-30T01:38:38.253-04:00"
  },
  "url": "https://www.ncqa.org/fhir/valueset/2.16.840.1.113883.3.464.1004.1915",
  "identifier": [
    {
      "value": "2.16.840.1.113883.3.464.1004.1915"
    }
  ],
  "version": "2021-08-02",
  "name": "Herpes_Zoster_Live_Immunization",
  "title": "Herpes Zoster Live Immunization",
  "status": "active",
  "expansion": {
    "timestamp": "2021-09-03T17:32:54-04:00",
    "total": 1,
    "offset": 0,
    "contains": [
      {
        "system": "http://hl7.org/fhir/sid/cvx",
        "version": "2021.07.27",
        "code": "121",
        "display": "zoster vaccine, live"
      }
    ]
  }
}