{
  "resourceType": "ValueSet",
  "id": "33108",
  "meta": {
    "lastUpdated": "2021-08-30T02:15:47.742-04:00"
  },
  "url": "https://www.ncqa.org/fhir/valueset/2.16.840.1.113883.3.464.1004.1921",
  "identifier": [
    {
      "value": "2.16.840.1.113883.3.464.1004.1921"
    }
  ],
  "version": "2021-08-02",
  "name": "Pneumococcal_Polysaccharide_23_Immunization",
  "title": "Pneumococcal Polysaccharide 23 Immunization",
  "status": "active",
  "expansion": {
    "timestamp": "2021-09-03T17:34:46-04:00",
    "total": 1,
    "offset": 0,
    "contains": [
      {
        "system": "http://hl7.org/fhir/sid/cvx",
        "version": "2021.07.27",
        "code": "33",
        "display": "pneumococcal polysaccharide vaccine, 23 valent"
      }
    ]
  }
}