{
  "resourceType": "ValueSet",
  "id": "33081",
  "meta": {
    "lastUpdated": "2021-08-30T01:42:31.452-04:00"
  },
  "url": "https://www.ncqa.org/fhir/valueset/2.16.840.1.113883.3.464.1004.1761",
  "identifier": [
    {
      "value": "2.16.840.1.113883.3.464.1004.1761"
    }
  ],
  "version": "2021-08-02",
  "name": "Hospice_Encounter",
  "title": "Hospice Encounter",
  "status": "active",
  "expansion": {
    "timestamp": "2021-09-03T17:26:02-04:00",
    "total": 40,
    "offset": 0,
    "contains": [
      {
        "system": "https://www.nubc.org/CodeSystem/RevenueCodes",
        "version": "2012.05",
        "code": "0115",
        "display": "Hospice"
      },
      {
        "system": "https://www.nubc.org/CodeSystem/RevenueCodes",
        "version": "2012.05",
        "code": "0125",
        "display": "Hospice"
      },
      {
        "system": "https://www.nubc.org/CodeSystem/RevenueCodes",
        "version": "2012.05",
        "code": "0135",
        "display": "Hospice"
      },
      {
        "system": "https://www.nubc.org/CodeSystem/RevenueCodes",
        "version": "2012.05",
        "code": "0145",
        "display": "Hospice"
      },
      {
        "system": "https://www.nubc.org/CodeSystem/RevenueCodes",
        "version": "2012.05",
        "code": "0155",
        "display": "Hospice"
      },
      {
        "system": "https://www.nubc.org/CodeSystem/RevenueCodes",
        "version": "2012.05",
        "code": "0235",
        "display": "Hospice"
      },
      {
        "system": "https://www.nubc.org/CodeSystem/RevenueCodes",
        "version": "2012.05",
        "code": "0650",
        "display": "General"
      },
      {
        "system": "https://www.nubc.org/CodeSystem/RevenueCodes",
        "version": "2012.05",
        "code": "0651",
        "display": "Routine home care"
      },
      {
        "system": "https://www.nubc.org/CodeSystem/RevenueCodes",
        "version": "2012.05",
        "code": "0652",
        "display": "Continuous home care"
      },
      {
        "system": "https://www.nubc.org/CodeSystem/RevenueCodes",
        "version": "2012.05",
        "code": "0655",
        "display": "Inpatient respite care"
      },
      {
        "system": "https://www.nubc.org/CodeSystem/RevenueCodes",
        "version": "2012.05",
        "code": "0656",
        "display": "General inpatient care nonrespite"
      },
      {
        "system": "https://www.nubc.org/CodeSystem/RevenueCodes",
        "version": "2012.05",
        "code": "0657",
        "display": "Physician services"
      },
      {
        "system": "https://www.nubc.org/CodeSystem/RevenueCodes",
        "version": "2012.05",
        "code": "0658",
        "display": "Hospice room & board-nursing facility"
      },
      {
        "system": "https://www.nubc.org/CodeSystem/RevenueCodes",
        "version": "2012.05",
        "code": "0659",
        "display": "Other hospice"
      },
      {
        "system": "http://snomed.info/sct",
        "version": "2021.03.20AB",
        "code": "305336008",
        "display": "Admission to hospice"
      },
      {
        "system": "http://snomed.info/sct",
        "version": "2021.03.20AB",
        "code": "183921001",
        "display": "Admission to hospice for respite"
      },
      {
        "system": "http://snomed.info/sct",
        "version": "2021.03.20AB",
        "code": "385765002",
        "display": "Hospice care management"
      },
      {
        "system": "https://www.cms.gov/Medicare/Coding/HCPCSReleaseCodeSets",
        "version": "2021.3.21AA",
        "code": "Q5006",
        "display": "Hospice care provided in inpatient hospice facility"
      },
      {
        "system": "https://www.cms.gov/Medicare/Coding/HCPCSReleaseCodeSets",
        "version": "2021.3.21AA",
        "code": "Q5005",
        "display": "Hospice care provided in inpatient hospital"
      },
      {
        "system": "https://www.cms.gov/Medicare/Coding/HCPCSReleaseCodeSets",
        "version": "2021.3.21AA",
        "code": "Q5008",
        "display": "Hospice care provided in inpatient psychiatric facility"
      },
      {
        "system": "https://www.cms.gov/Medicare/Coding/HCPCSReleaseCodeSets",
        "version": "2021.3.21AA",
        "code": "Q5007",
        "display": "Hospice care provided in long term care facility"
      },
      {
        "system": "https://www.cms.gov/Medicare/Coding/HCPCSReleaseCodeSets",
        "version": "2021.3.21AA",
        "code": "Q5003",
        "display": "Hospice care provided in nursing long term care facility (ltc) or non-skilled nursing facility (nf)"
      },
      {
        "system": "https://www.cms.gov/Medicare/Coding/HCPCSReleaseCodeSets",
        "version": "2021.3.21AA",
        "code": "Q5004",
        "display": "Hospice care provided in skilled nursing facility (snf)"
      },
      {
        "system": "https://www.cms.gov/Medicare/Coding/HCPCSReleaseCodeSets",
        "version": "2021.3.21AA",
        "code": "S9126",
        "display": "Hospice care, in the home, per diem"
      },
      {
        "system": "https://www.cms.gov/Medicare/Coding/HCPCSReleaseCodeSets",
        "version": "2021.3.21AA",
        "code": "T2043",
        "display": "Hospice continuous home care; per hour"
      },
      {
        "system": "https://www.cms.gov/Medicare/Coding/HCPCSReleaseCodeSets",
        "version": "2021.3.21AA",
        "code": "T2045",
        "display": "Hospice general inpatient care; per diem"
      },
      {
        "system": "https://www.cms.gov/Medicare/Coding/HCPCSReleaseCodeSets",
        "version": "2021.3.21AA",
        "code": "Q5010",
        "display": "Hospice home care provided in a hospice facility"
      },
      {
        "system": "https://www.cms.gov/Medicare/Coding/HCPCSReleaseCodeSets",
        "version": "2021.3.21AA",
        "code": "T2044",
        "display": "Hospice inpatient respite care; per diem"
      },
      {
        "system": "https://www.cms.gov/Medicare/Coding/HCPCSReleaseCodeSets",
        "version": "2021.3.21AA",
        "code": "T2046",
        "display": "Hospice long term care, room and board only; per diem"
      },
      {
        "system": "https://www.cms.gov/Medicare/Coding/HCPCSReleaseCodeSets",
        "version": "2021.3.21AA",
        "code": "T2042",
        "display": "Hospice routine home care; per diem"
      },
      {
        "system": "http://snomed.info/sct",
        "version": "2021.03.20AB",
        "code": "183920000",
        "display": "Routine admission to hospice"
      },
      {
        "system": "http://snomed.info/sct",
        "version": "2021.03.20AB",
        "code": "305911006",
        "display": "Seen in hospice"
      },
      {
        "system": "https://www.cms.gov/Medicare/Coding/HCPCSReleaseCodeSets",
        "version": "2021.3.21AA",
        "code": "G9477",
        "display": "Services performed by care coordinator in the hospice setting, each 15 minutes"
      },
      {
        "system": "https://www.cms.gov/Medicare/Coding/HCPCSReleaseCodeSets",
        "version": "2021.3.21AA",
        "code": "G9473",
        "display": "Services performed by chaplain in the hospice setting, each 15 minutes"
      },
      {
        "system": "https://www.cms.gov/Medicare/Coding/HCPCSReleaseCodeSets",
        "version": "2021.3.21AA",
        "code": "G9474",
        "display": "Services performed by dietary counselor in the hospice setting, each 15 minutes"
      },
      {
        "system": "https://www.cms.gov/Medicare/Coding/HCPCSReleaseCodeSets",
        "version": "2021.3.21AA",
        "code": "G9475",
        "display": "Services performed by other counselor in the hospice setting, each 15 minutes"
      },
      {
        "system": "https://www.cms.gov/Medicare/Coding/HCPCSReleaseCodeSets",
        "version": "2021.3.21AA",
        "code": "G9478",
        "display": "Services performed by other qualified therapist in the hospice setting, each 15 minutes"
      },
      {
        "system": "https://www.cms.gov/Medicare/Coding/HCPCSReleaseCodeSets",
        "version": "2021.3.21AA",
        "code": "G9479",
        "display": "Services performed by qualified pharmacist in the hospice setting, each 15 minutes"
      },
      {
        "system": "https://www.cms.gov/Medicare/Coding/HCPCSReleaseCodeSets",
        "version": "2021.3.21AA",
        "code": "G9476",
        "display": "Services performed by volunteer in the hospice setting, each 15 minutes"
      },
      {
        "system": "http://snomed.info/sct",
        "version": "2021.03.20AB",
        "code": "183919006",
        "display": "Urgent admission to hospice"
      }
    ]
  }
}