{
  "resourceType": "ValueSet",
  "id": "33638",
  "meta": {
    "lastUpdated": "2021-08-30T01:26:26.948-04:00"
  },
  "url": "https://www.ncqa.org/fhir/valueset/2.16.840.1.113883.3.464.1004.2241",
  "identifier": [
    {
      "value": "2.16.840.1.113883.3.464.1004.2241"
    }
  ],
  "version": "2021-08-02",
  "name": "Encephalitis_Due_to_Diphtheria_Tetanus_or_Pertussis_Vaccine",
  "title": "Encephalitis Due to Diphtheria, Tetanus or Pertussis Vaccine",
  "status": "active",
  "expansion": {
    "timestamp": "2021-09-03T17:34:50-04:00",
    "total": 3,
    "offset": 0,
    "contains": [
      {
        "system": "http://snomed.info/sct",
        "version": "2021.03.20AB",
        "code": "192711008",
        "display": "Post diphtheria vaccination encephalitis"
      },
      {
        "system": "http://snomed.info/sct",
        "version": "2021.03.20AB",
        "code": "192712001",
        "display": "Post pertussis vaccination encephalitis"
      },
      {
        "system": "http://snomed.info/sct",
        "version": "2021.03.20AB",
        "code": "192710009",
        "display": "Post tetanus vaccination encephalitis"
      }
    ]
  }
}