{
  "resourceType": "ValueSet",
  "id": "33440",
  "meta": {
    "lastUpdated": "2021-08-30T02:34:31.734-04:00"
  },
  "url": "https://www.ncqa.org/fhir/valueset/2.16.840.1.113883.3.464.1004.1373",
  "identifier": [
    {
      "value": "2.16.840.1.113883.3.464.1004.1373"
    }
  ],
  "version": "2021-08-02",
  "name": "Sickle_Cell_Anemia_and_HB_S_Disease",
  "title": "Sickle Cell Anemia and HB S Disease",
  "status": "active",
  "expansion": {
    "timestamp": "2021-09-03T17:34:47-04:00",
    "total": 80,
    "offset": 0,
    "contains": [
      {
        "system": "http://snomed.info/sct",
        "version": "2021.03.20AB",
        "code": "128431000119106",
        "display": "Acute chest syndrome due to sickle cell-hemoglobin C disease with crisis"
      },
      {
        "system": "http://snomed.info/sct",
        "version": "2021.03.20AB",
        "code": "444108000",
        "display": "Acute sickle cell splenic sequestration crisis"
      },
      {
        "system": "http://snomed.info/sct",
        "version": "2021.03.20AB",
        "code": "709142003",
        "display": "Sickle cell arthropathy"
      },
      {
        "system": "http://snomed.info/sct",
        "version": "2021.03.20AB",
        "code": "763096004",
        "display": "Sickle cell hepatopathy"
      },
      {
        "system": "http://snomed.info/sct",
        "version": "2021.03.20AB",
        "code": "471863000",
        "display": "Disorder of myocardium due to sickle cell hemoglobinopathy"
      },
      {
        "system": "http://snomed.info/sct",
        "version": "2021.03.20AB",
        "code": "23269001",
        "display": "Double heterozygous sickling disorder"
      },
      {
        "system": "http://snomed.info/sct",
        "version": "2021.03.20AB",
        "code": "722147003",
        "display": "Focal segmental glomerulosclerosis due to sickle cell disease"
      },
      {
        "system": "http://snomed.info/sct",
        "version": "2021.03.20AB",
        "code": "371104006",
        "display": "Hand-foot syndrome in sickle cell anemia"
      },
      {
        "system": "http://snomed.info/sct",
        "version": "2021.03.20AB",
        "code": "417279003",
        "display": "Hemoglobin S sickling disorder with crisis"
      },
      {
        "system": "http://snomed.info/sct",
        "version": "2021.03.20AB",
        "code": "416290001",
        "display": "Hemoglobin S sickling disorder without crisis"
      },
      {
        "system": "http://snomed.info/sct",
        "version": "2021.03.20AB",
        "code": "417425009",
        "display": "Hemoglobin SS disease with crisis"
      },
      {
        "system": "http://snomed.info/sct",
        "version": "2021.03.20AB",
        "code": "440206000",
        "display": "Hemoglobin SS disease with vasoocclusive crisis"
      },
      {
        "system": "http://snomed.info/sct",
        "version": "2021.03.20AB",
        "code": "416180004",
        "display": "Hemoglobin SS disease without crisis"
      },
      {
        "system": "http://snomed.info/sct",
        "version": "2021.03.20AB",
        "code": "783254003",
        "display": "Hereditary persistence of fetal hemoglobin with sickle cell disease syndrome"
      },
      {
        "system": "http://snomed.info/sct",
        "version": "2021.03.20AB",
        "code": "367061000119107",
        "display": "Priapism due to sickle cell disease"
      },
      {
        "system": "http://snomed.info/sct",
        "version": "2021.03.20AB",
        "code": "193370005",
        "display": "Proliferative retinopathy due to sickle cell disease"
      },
      {
        "system": "http://snomed.info/sct",
        "version": "2021.03.20AB",
        "code": "722085003",
        "display": "Renal papillary necrosis due to sickle cell disease"
      },
      {
        "system": "http://snomed.info/sct",
        "version": "2021.03.20AB",
        "code": "10759351000119103",
        "display": "Sickle cell anemia in mother complicating childbirth"
      },
      {
        "system": "http://snomed.info/sct",
        "version": "2021.03.20AB",
        "code": "127045008",
        "display": "Sickle cell anemia with coexistent alpha-thalassemia"
      },
      {
        "system": "http://snomed.info/sct",
        "version": "2021.03.20AB",
        "code": "234391009",
        "display": "Sickle cell anemia with high hemoglobin F"
      },
      {
        "system": "http://snomed.info/sct",
        "version": "2021.03.20AB",
        "code": "127042006",
        "display": "Sickle cell beta plus thalassemia"
      },
      {
        "system": "http://snomed.info/sct",
        "version": "2021.03.20AB",
        "code": "13886001",
        "display": "Sickle cell nephropathy"
      },
      {
        "system": "http://snomed.info/sct",
        "version": "2021.03.20AB",
        "code": "11603001",
        "display": "Sickle cell retinopathy"
      },
      {
        "system": "http://snomed.info/sct",
        "version": "2021.03.20AB",
        "code": "127048005",
        "display": "Sickle cell-Hemoglobin O Arab disease"
      },
      {
        "system": "http://snomed.info/sct",
        "version": "2021.03.20AB",
        "code": "127041004",
        "display": "Sickle cell-beta-thalassemia"
      },
      {
        "system": "http://snomed.info/sct",
        "version": "2021.03.20AB",
        "code": "127043001",
        "display": "Sickle cell-beta^0^-thalassemia"
      },
      {
        "system": "http://snomed.info/sct",
        "version": "2021.03.20AB",
        "code": "127044007",
        "display": "Sickle cell-delta beta^0^-thalassemia"
      },
      {
        "system": "http://snomed.info/sct",
        "version": "2021.03.20AB",
        "code": "35434009",
        "display": "Sickle cell-hemoglobin C disease"
      },
      {
        "system": "http://snomed.info/sct",
        "version": "2021.03.20AB",
        "code": "417517009",
        "display": "Sickle cell-hemoglobin C disease with crisis"
      },
      {
        "system": "http://snomed.info/sct",
        "version": "2021.03.20AB",
        "code": "417683006",
        "display": "Sickle cell-hemoglobin C disease without crisis"
      },
      {
        "system": "http://snomed.info/sct",
        "version": "2021.03.20AB",
        "code": "232033003",
        "display": "Sickle cell-hemoglobin C retinopathy"
      },
      {
        "system": "http://snomed.info/sct",
        "version": "2021.03.20AB",
        "code": "25472008",
        "display": "Sickle cell-hemoglobin D disease"
      },
      {
        "system": "http://snomed.info/sct",
        "version": "2021.03.20AB",
        "code": "417748003",
        "display": "Sickle cell-hemoglobin D disease with crisis"
      },
      {
        "system": "http://snomed.info/sct",
        "version": "2021.03.20AB",
        "code": "416214006",
        "display": "Sickle cell-hemoglobin D disease without crisis"
      },
      {
        "system": "http://snomed.info/sct",
        "version": "2021.03.20AB",
        "code": "47024008",
        "display": "Sickle cell-hemoglobin E disease"
      },
      {
        "system": "http://snomed.info/sct",
        "version": "2021.03.20AB",
        "code": "416484003",
        "display": "Sickle cell-hemoglobin E disease with crisis"
      },
      {
        "system": "http://snomed.info/sct",
        "version": "2021.03.20AB",
        "code": "416638004",
        "display": "Sickle cell-hemoglobin E disease without crisis"
      },
      {
        "system": "http://snomed.info/sct",
        "version": "2021.03.20AB",
        "code": "127047000",
        "display": "Sickle cell-hemoglobin Lepore disease"
      },
      {
        "system": "http://snomed.info/sct",
        "version": "2021.03.20AB",
        "code": "127040003",
        "display": "Sickle cell-hemoglobin SS disease"
      },
      {
        "system": "http://snomed.info/sct",
        "version": "2021.03.20AB",
        "code": "36472007",
        "display": "Sickle cell-thalassemia disease"
      },
      {
        "system": "http://snomed.info/sct",
        "version": "2021.03.20AB",
        "code": "416826005",
        "display": "Sickle cell-thalassemia disease with crisis"
      },
      {
        "system": "http://snomed.info/sct",
        "version": "2021.03.20AB",
        "code": "417048006",
        "display": "Sickle cell-thalassemia disease without crisis"
      },
      {
        "system": "http://snomed.info/sct",
        "version": "2021.03.20AB",
        "code": "417357006",
        "display": "Sickling disorder due to hemoglobin S"
      },
      {
        "system": "http://snomed.info/sct",
        "version": "2021.03.20AB",
        "code": "769167005",
        "display": "Vaso-occlusive pain episode in sickle cell disease"
      },
      {
        "system": "http://hl7.org/fhir/sid/icd-10-cm",
        "version": "2022.1.21AA",
        "code": "D57.00",
        "display": "Hb-SS disease with crisis, unspecified"
      },
      {
        "system": "http://hl7.org/fhir/sid/icd-10-cm",
        "version": "2022.1.21AA",
        "code": "D57.01",
        "display": "Hb-SS disease with acute chest syndrome"
      },
      {
        "system": "http://hl7.org/fhir/sid/icd-10-cm",
        "version": "2022.1.21AA",
        "code": "D57.02",
        "display": "Hb-SS disease with splenic sequestration"
      },
      {
        "system": "http://hl7.org/fhir/sid/icd-10-cm",
        "version": "2022.1.21AA",
        "code": "D57.03",
        "display": "Hb-SS disease with cerebral vascular involvement"
      },
      {
        "system": "http://hl7.org/fhir/sid/icd-10-cm",
        "version": "2022.1.21AA",
        "code": "D57.09",
        "display": "Hb-SS disease with crisis with other specified complication"
      },
      {
        "system": "http://hl7.org/fhir/sid/icd-10-cm",
        "version": "2022.1.21AA",
        "code": "D57.1",
        "display": "Sickle-cell disease without crisis"
      },
      {
        "system": "http://hl7.org/fhir/sid/icd-10-cm",
        "version": "2022.1.21AA",
        "code": "D57.20",
        "display": "Sickle-cell/Hb-C disease without crisis"
      },
      {
        "system": "http://hl7.org/fhir/sid/icd-10-cm",
        "version": "2022.1.21AA",
        "code": "D57.211",
        "display": "Sickle-cell/Hb-C disease with acute chest syndrome"
      },
      {
        "system": "http://hl7.org/fhir/sid/icd-10-cm",
        "version": "2022.1.21AA",
        "code": "D57.212",
        "display": "Sickle-cell/Hb-C disease with splenic sequestration"
      },
      {
        "system": "http://hl7.org/fhir/sid/icd-10-cm",
        "version": "2022.1.21AA",
        "code": "D57.213",
        "display": "Sickle-cell/Hb-C disease with cerebral vascular involvement"
      },
      {
        "system": "http://hl7.org/fhir/sid/icd-10-cm",
        "version": "2022.1.21AA",
        "code": "D57.218",
        "display": "Sickle-cell/Hb-C disease with crisis with other specified complication"
      },
      {
        "system": "http://hl7.org/fhir/sid/icd-10-cm",
        "version": "2022.1.21AA",
        "code": "D57.219",
        "display": "Sickle-cell/Hb-C disease with crisis, unspecified"
      },
      {
        "system": "http://hl7.org/fhir/sid/icd-10-cm",
        "version": "2022.1.21AA",
        "code": "D57.40",
        "display": "Sickle-cell thalassemia without crisis"
      },
      {
        "system": "http://hl7.org/fhir/sid/icd-10-cm",
        "version": "2022.1.21AA",
        "code": "D57.411",
        "display": "Sickle-cell thalassemia, unspecified, with acute chest syndrome"
      },
      {
        "system": "http://hl7.org/fhir/sid/icd-10-cm",
        "version": "2022.1.21AA",
        "code": "D57.412",
        "display": "Sickle-cell thalassemia, unspecified, with splenic sequestration"
      },
      {
        "system": "http://hl7.org/fhir/sid/icd-10-cm",
        "version": "2022.1.21AA",
        "code": "D57.413",
        "display": "Sickle-cell thalassemia, unspecified, with cerebral vascular involvement"
      },
      {
        "system": "http://hl7.org/fhir/sid/icd-10-cm",
        "version": "2022.1.21AA",
        "code": "D57.418",
        "display": "Sickle-cell thalassemia, unspecified, with crisis with other specified complication"
      },
      {
        "system": "http://hl7.org/fhir/sid/icd-10-cm",
        "version": "2022.1.21AA",
        "code": "D57.419",
        "display": "Sickle-cell thalassemia, unspecified, with crisis"
      },
      {
        "system": "http://hl7.org/fhir/sid/icd-10-cm",
        "version": "2022.1.21AA",
        "code": "D57.42",
        "display": "Sickle-cell thalassemia beta zero without crisis"
      },
      {
        "system": "http://hl7.org/fhir/sid/icd-10-cm",
        "version": "2022.1.21AA",
        "code": "D57.431",
        "display": "Sickle-cell thalassemia beta zero with acute chest syndrome"
      },
      {
        "system": "http://hl7.org/fhir/sid/icd-10-cm",
        "version": "2022.1.21AA",
        "code": "D57.432",
        "display": "Sickle-cell thalassemia beta zero with splenic sequestration"
      },
      {
        "system": "http://hl7.org/fhir/sid/icd-10-cm",
        "version": "2022.1.21AA",
        "code": "D57.433",
        "display": "Sickle-cell thalassemia beta zero with cerebral vascular involvement"
      },
      {
        "system": "http://hl7.org/fhir/sid/icd-10-cm",
        "version": "2022.1.21AA",
        "code": "D57.438",
        "display": "Sickle-cell thalassemia beta zero with crisis with other specified complication"
      },
      {
        "system": "http://hl7.org/fhir/sid/icd-10-cm",
        "version": "2022.1.21AA",
        "code": "D57.439",
        "display": "Sickle-cell thalassemia beta zero with crisis, unspecified"
      },
      {
        "system": "http://hl7.org/fhir/sid/icd-10-cm",
        "version": "2022.1.21AA",
        "code": "D57.44",
        "display": "Sickle-cell thalassemia beta plus without crisis"
      },
      {
        "system": "http://hl7.org/fhir/sid/icd-10-cm",
        "version": "2022.1.21AA",
        "code": "D57.451",
        "display": "Sickle-cell thalassemia beta plus with acute chest syndrome"
      },
      {
        "system": "http://hl7.org/fhir/sid/icd-10-cm",
        "version": "2022.1.21AA",
        "code": "D57.452",
        "display": "Sickle-cell thalassemia beta plus with splenic sequestration"
      },
      {
        "system": "http://hl7.org/fhir/sid/icd-10-cm",
        "version": "2022.1.21AA",
        "code": "D57.453",
        "display": "Sickle-cell thalassemia beta plus with cerebral vascular involvement"
      },
      {
        "system": "http://hl7.org/fhir/sid/icd-10-cm",
        "version": "2022.1.21AA",
        "code": "D57.458",
        "display": "Sickle-cell thalassemia beta plus with crisis with other specified complication"
      },
      {
        "system": "http://hl7.org/fhir/sid/icd-10-cm",
        "version": "2022.1.21AA",
        "code": "D57.459",
        "display": "Sickle-cell thalassemia beta plus with crisis, unspecified"
      },
      {
        "system": "http://hl7.org/fhir/sid/icd-10-cm",
        "version": "2022.1.21AA",
        "code": "D57.80",
        "display": "Other sickle-cell disorders without crisis"
      },
      {
        "system": "http://hl7.org/fhir/sid/icd-10-cm",
        "version": "2022.1.21AA",
        "code": "D57.811",
        "display": "Other sickle-cell disorders with acute chest syndrome"
      },
      {
        "system": "http://hl7.org/fhir/sid/icd-10-cm",
        "version": "2022.1.21AA",
        "code": "D57.812",
        "display": "Other sickle-cell disorders with splenic sequestration"
      },
      {
        "system": "http://hl7.org/fhir/sid/icd-10-cm",
        "version": "2022.1.21AA",
        "code": "D57.813",
        "display": "Other sickle-cell disorders with cerebral vascular involvement"
      },
      {
        "system": "http://hl7.org/fhir/sid/icd-10-cm",
        "version": "2022.1.21AA",
        "code": "D57.818",
        "display": "Other sickle-cell disorders with crisis with other specified complication"
      },
      {
        "system": "http://hl7.org/fhir/sid/icd-10-cm",
        "version": "2022.1.21AA",
        "code": "D57.819",
        "display": "Other sickle-cell disorders with crisis, unspecified"
      }
    ]
  }
}