{
  "resourceType": "ValueSet",
  "id": "33116",
  "meta": {
    "lastUpdated": "2021-08-30T02:39:40.328-04:00"
  },
  "url": "https://www.ncqa.org/fhir/valueset/2.16.840.1.113883.3.464.1004.1791",
  "identifier": [
    {
      "value": "2.16.840.1.113883.3.464.1004.1791"
    }
  ],
  "version": "2021-08-02",
  "name": "Tdap_Immunization",
  "title": "Tdap Immunization",
  "status": "active",
  "expansion": {
    "timestamp": "2021-09-03T17:34:49-04:00",
    "total": 1,
    "offset": 0,
    "contains": [
      {
        "system": "http://hl7.org/fhir/sid/cvx",
        "version": "2021.07.27",
        "code": "115",
        "display": "tetanus toxoid, reduced diphtheria toxoid, and acellular pertussis vaccine, adsorbed"
      }
    ]
  }
}