{
  "resourceType": "ValueSet",
  "id": "33086",
  "meta": {
    "lastUpdated": "2021-08-30T01:46:14.048-04:00"
  },
  "url": "https://www.ncqa.org/fhir/valueset/2.16.840.1.113883.3.464.1004.1973",
  "identifier": [
    {
      "value": "2.16.840.1.113883.3.464.1004.1973"
    }
  ],
  "version": "2021-08-02",
  "name": "Influenza_Virus_LAIV_Vaccine_Procedure",
  "title": "Influenza Virus LAIV Vaccine Procedure",
  "status": "active",
  "expansion": {
    "timestamp": "2021-09-03T17:34:46-04:00",
    "total": 2,
    "offset": 0,
    "contains": [
      {
        "system": "http://www.ama-assn.org/go/cpt",
        "version": "2021.5.21AA",
        "code": "90672",
        "display": "Influenza virus vaccine, quadrivalent, live (LAIV4), for intranasal use"
      },
      {
        "system": "http://www.ama-assn.org/go/cpt",
        "version": "2021.5.21AA",
        "code": "90660",
        "display": "Influenza virus vaccine, trivalent, live (LAIV3), for intranasal use"
      }
    ]
  }
}