{
  "resourceType": "ValueSet",
  "id": "33026",
  "meta": {
    "lastUpdated": "2021-08-30T00:46:24.745-04:00"
  },
  "url": "https://www.ncqa.org/fhir/valueset/2.16.840.1.113883.3.464.1004.1914",
  "identifier": [
    {
      "value": "2.16.840.1.113883.3.464.1004.1914"
    }
  ],
  "version": "2021-08-02",
  "name": "Adult_Influenza_Vaccine_Procedure",
  "title": "Adult Influenza Vaccine Procedure",
  "status": "active",
  "expansion": {
    "timestamp": "2021-09-03T17:32:48-04:00",
    "total": 26,
    "offset": 0,
    "contains": [
      {
        "system": "http://snomed.info/sct",
        "inactive": true,
        "version": "2021.03.20AB",
        "code": "346525009",
        "display": "Inactivated Influenza surface antigen sub-unit vaccine"
      },
      {
        "system": "http://snomed.info/sct",
        "inactive": true,
        "version": "2021.03.20AB",
        "code": "348047008",
        "display": "Inactivated Influenza surface antigen sub-unit vaccine prefilled syringe"
      },
      {
        "system": "http://snomed.info/sct",
        "inactive": true,
        "version": "2021.03.20AB",
        "code": "419562000",
        "display": "Inactivated Influenza surface antigen virosome vaccine"
      },
      {
        "system": "http://snomed.info/sct",
        "inactive": true,
        "version": "2021.03.20AB",
        "code": "418707004",
        "display": "Inactivated Influenza surface antigen virosome vaccine prefilled syringe"
      },
      {
        "system": "http://snomed.info/sct",
        "inactive": true,
        "version": "2021.03.20AB",
        "code": "408752008",
        "display": "Inactivated influenza split virion vaccine"
      },
      {
        "system": "http://snomed.info/sct",
        "inactive": true,
        "version": "2021.03.20AB",
        "code": "348046004",
        "display": "Influenza (split virion) vaccine injection suspension 0.5mL prefilled syringe"
      },
      {
        "system": "http://snomed.info/sct",
        "inactive": true,
        "version": "2021.03.20AB",
        "code": "346524008",
        "display": "Influenza split virion vaccine"
      },
      {
        "system": "http://www.ama-assn.org/go/cpt",
        "version": "2021.5.21AA",
        "code": "90653",
        "display": "Influenza vaccine, inactivated (IIV), subunit, adjuvanted, for intramuscular use"
      },
      {
        "system": "http://www.ama-assn.org/go/cpt",
        "version": "2021.5.21AA",
        "code": "90662",
        "display": "Influenza virus vaccine (IIV), split virus, preservative free, enhanced immunogenicity via increased antigen content, for intramuscular use"
      },
      {
        "system": "http://snomed.info/sct",
        "inactive": true,
        "version": "2021.03.20AB",
        "code": "46233009",
        "display": "Influenza virus vaccine"
      },
      {
        "system": "http://snomed.info/sct",
        "inactive": true,
        "version": "2021.03.20AB",
        "code": "400788004",
        "display": "Influenza virus vaccine triv 45mcg/0.5mL injection solution 0.5mL syringe"
      },
      {
        "system": "http://snomed.info/sct",
        "inactive": true,
        "version": "2021.03.20AB",
        "code": "400564003",
        "display": "Influenza virus vaccine trivalent 45mcg/0.5mL injection solution 5mL vial"
      },
      {
        "system": "http://www.ama-assn.org/go/cpt",
        "version": "2021.5.21AA",
        "code": "90689",
        "display": "Influenza virus vaccine, quadrivalent (IIV4), inactivated, adjuvanted, preservative free, 0.25 mL dosage, for intramuscular use"
      },
      {
        "system": "http://www.ama-assn.org/go/cpt",
        "version": "2021.5.21AA",
        "code": "90688",
        "display": "Influenza virus vaccine, quadrivalent (IIV4), split virus, 0.5 mL dosage, for intramuscular use"
      },
      {
        "system": "http://www.ama-assn.org/go/cpt",
        "version": "2021.5.21AA",
        "code": "90686",
        "display": "Influenza virus vaccine, quadrivalent (IIV4), split virus, preservative free, 0.5 mL dosage, for intramuscular use"
      },
      {
        "system": "http://www.ama-assn.org/go/cpt",
        "version": "2021.5.21AA",
        "code": "90630",
        "display": "Influenza virus vaccine, quadrivalent (IIV4), split virus, preservative free, for intradermal use"
      },
      {
        "system": "http://www.ama-assn.org/go/cpt",
        "version": "2021.5.21AA",
        "code": "90682",
        "display": "Influenza virus vaccine, quadrivalent (RIV4), derived from recombinant DNA, hemagglutinin (HA) protein only, preservative and antibiotic free, for intramuscular use"
      },
      {
        "system": "http://www.ama-assn.org/go/cpt",
        "version": "2021.5.21AA",
        "code": "90694",
        "display": "Influenza virus vaccine, quadrivalent (aIIV4), inactivated, adjuvanted, preservative free, 0.5 mL dosage, for intramuscular use"
      },
      {
        "system": "http://www.ama-assn.org/go/cpt",
        "version": "2021.5.21AA",
        "code": "90756",
        "display": "Influenza virus vaccine, quadrivalent (ccIIV4), derived from cell cultures, subunit, antibiotic free, 0.5 mL dosage, for intramuscular use"
      },
      {
        "system": "http://www.ama-assn.org/go/cpt",
        "version": "2021.5.21AA",
        "code": "90674",
        "display": "Influenza virus vaccine, quadrivalent (ccIIV4), derived from cell cultures, subunit, preservative and antibiotic free, 0.5 mL dosage, for intramuscular use"
      },
      {
        "system": "http://www.ama-assn.org/go/cpt",
        "version": "2021.5.21AA",
        "code": "90658",
        "display": "Influenza virus vaccine, trivalent (IIV3), split virus, 0.5 mL dosage, for intramuscular use"
      },
      {
        "system": "http://www.ama-assn.org/go/cpt",
        "version": "2021.5.21AA",
        "code": "90656",
        "display": "Influenza virus vaccine, trivalent (IIV3), split virus, preservative free, 0.5 mL dosage, for intramuscular use"
      },
      {
        "system": "http://www.ama-assn.org/go/cpt",
        "version": "2021.5.21AA",
        "code": "90654",
        "display": "Influenza virus vaccine, trivalent (IIV3), split virus, preservative-free, for intradermal use"
      },
      {
        "system": "http://www.ama-assn.org/go/cpt",
        "version": "2021.5.21AA",
        "code": "90673",
        "display": "Influenza virus vaccine, trivalent (RIV3), derived from recombinant DNA, hemagglutinin (HA) protein only, preservative and antibiotic free, for intramuscular use"
      },
      {
        "system": "http://www.ama-assn.org/go/cpt",
        "version": "2021.5.21AA",
        "code": "90661",
        "display": "Influenza virus vaccine, trivalent (ccIIV3), derived from cell cultures, subunit, preservative and antibiotic free, 0.5 mL dosage, for intramuscular use"
      },
      {
        "system": "http://snomed.info/sct",
        "inactive": true,
        "version": "2021.03.20AB",
        "code": "430410002",
        "display": "Influenza virus vaccine-containing product in nasal dose form"
      }
    ]
  }
}