{
  "resourceType": "ValueSet",
  "id": "33114",
  "meta": {
    "lastUpdated": "2021-08-30T02:39:27.875-04:00"
  },
  "url": "https://www.ncqa.org/fhir/valueset/2.16.840.1.113883.3.464.1004.1923",
  "identifier": [
    {
      "value": "2.16.840.1.113883.3.464.1004.1923"
    }
  ],
  "version": "2021-08-02",
  "name": "Td_Immunization",
  "title": "Td Immunization",
  "status": "active",
  "expansion": {
    "timestamp": "2021-09-03T17:34:48-04:00",
    "total": 5,
    "offset": 0,
    "contains": [
      {
        "system": "http://hl7.org/fhir/sid/cvx",
        "version": "2021.07.27",
        "code": "139",
        "display": "Td(adult) unspecified formulation"
      },
      {
        "system": "http://hl7.org/fhir/sid/cvx",
        "version": "2021.07.27",
        "code": "09",
        "display": "tetanus and diphtheria toxoids, adsorbed, preservative free, for adult use (2 Lf of tetanus toxoid and 2 Lf of diphtheria toxoid)"
      },
      {
        "system": "http://hl7.org/fhir/sid/cvx",
        "version": "2021.07.27",
        "code": "113",
        "display": "tetanus and diphtheria toxoids, adsorbed, preservative free, for adult use (5 Lf of tetanus toxoid and 2 Lf of diphtheria toxoid)"
      },
      {
        "system": "http://hl7.org/fhir/sid/cvx",
        "version": "2021.07.27",
        "code": "138",
        "display": "tetanus and diphtheria toxoids, not adsorbed, for adult use"
      },
      {
        "system": "http://hl7.org/fhir/sid/cvx",
        "version": "2021.07.27",
        "code": "115",
        "display": "tetanus toxoid, reduced diphtheria toxoid, and acellular pertussis vaccine, adsorbed"
      }
    ]
  }
}