{
  "resourceType": "ValueSet",
  "id": "33085",
  "meta": {
    "lastUpdated": "2021-08-30T01:46:08.284-04:00"
  },
  "url": "https://www.ncqa.org/fhir/valueset/2.16.840.1.113883.3.464.1004.1974",
  "identifier": [
    {
      "value": "2.16.840.1.113883.3.464.1004.1974"
    }
  ],
  "version": "2021-08-02",
  "name": "Influenza_Virus_LAIV_Immunization",
  "title": "Influenza Virus LAIV Immunization",
  "status": "active",
  "expansion": {
    "timestamp": "2021-09-03T17:34:45-04:00",
    "total": 2,
    "offset": 0,
    "contains": [
      {
        "system": "http://hl7.org/fhir/sid/cvx",
        "version": "2021.07.27",
        "code": "111",
        "display": "influenza virus vaccine, live, attenuated, for intranasal use"
      },
      {
        "system": "http://hl7.org/fhir/sid/cvx",
        "version": "2021.07.27",
        "code": "149",
        "display": "influenza, live, intranasal, quadrivalent"
      }
    ]
  }
}