{
  "resourceType": "ValueSet",
  "id": "33041",
  "meta": {
    "lastUpdated": "2021-08-30T01:04:43.851-04:00"
  },
  "url": "https://www.ncqa.org/fhir/valueset/2.16.840.1.113883.3.464.1004.1500",
  "identifier": [
    {
      "value": "2.16.840.1.113883.3.464.1004.1500"
    }
  ],
  "version": "2021-08-02",
  "name": "Chemotherapy_Procedure",
  "title": "Chemotherapy Procedure",
  "status": "active",
  "expansion": {
    "timestamp": "2021-09-03T17:32:51-04:00",
    "total": 75,
    "offset": 0,
    "contains": [
      {
        "system": "http://snomed.info/sct",
        "version": "2021.03.20AB",
        "code": "363688001",
        "display": "Administration of antineoplastic agent"
      },
      {
        "system": "http://snomed.info/sct",
        "version": "2021.03.20AB",
        "code": "816151001",
        "display": "Consolidation antineoplastic chemotherapy"
      },
      {
        "system": "http://snomed.info/sct",
        "version": "2021.03.20AB",
        "code": "830155008",
        "display": "Administration of hyperthermic antineoplastic agent into peritoneal cavity"
      },
      {
        "system": "http://snomed.info/sct",
        "version": "2021.03.20AB",
        "code": "830156009",
        "display": "Administration of hyperthermic antineoplastic agent into thoracic cavity"
      },
      {
        "system": "http://snomed.info/sct",
        "version": "2021.03.20AB",
        "code": "890093004",
        "display": "Multi-agent systemic chemotherapy"
      },
      {
        "system": "http://snomed.info/sct",
        "version": "2021.03.20AB",
        "code": "315601005",
        "display": "Ambulatory chemotherapy"
      },
      {
        "system": "http://snomed.info/sct",
        "version": "2021.03.20AB",
        "code": "897713009",
        "display": "Antineoplastic chemoimmunotherapy"
      },
      {
        "system": "http://snomed.info/sct",
        "version": "2021.03.20AB",
        "code": "716872004",
        "display": "Antineoplastic chemotherapy regimen"
      },
      {
        "system": "http://snomed.info/sct",
        "version": "2021.03.20AB",
        "code": "367336001",
        "display": "Chemotherapy"
      },
      {
        "system": "http://snomed.info/sct",
        "version": "2021.03.20AB",
        "code": "29391003",
        "display": "Chemotherapy administration into peritoneal cavity requiring paracentesis"
      },
      {
        "system": "http://snomed.info/sct",
        "version": "2021.03.20AB",
        "code": "70446004",
        "display": "Chemotherapy administration into pleural cavity requiring thoracentesis"
      },
      {
        "system": "http://www.ama-assn.org/go/cpt",
        "version": "2021.5.21AA",
        "code": "96440",
        "display": "Chemotherapy administration into pleural cavity, requiring and including thoracentesis"
      },
      {
        "system": "http://www.ama-assn.org/go/cpt",
        "version": "2021.5.21AA",
        "code": "96450",
        "display": "Chemotherapy administration, into CNS (eg, intrathecal), requiring and including spinal puncture"
      },
      {
        "system": "http://www.ama-assn.org/go/cpt",
        "version": "2021.5.21AA",
        "code": "96423",
        "display": "Chemotherapy administration, intra-arterial; infusion technique, each additional hour (List separately in addition to code for primary procedure)"
      },
      {
        "system": "http://www.ama-assn.org/go/cpt",
        "version": "2021.5.21AA",
        "code": "96425",
        "display": "Chemotherapy administration, intra-arterial; infusion technique, initiation of prolonged infusion (more than 8 hours), requiring the use of a portable or implantable pump"
      },
      {
        "system": "http://www.ama-assn.org/go/cpt",
        "version": "2021.5.21AA",
        "code": "96422",
        "display": "Chemotherapy administration, intra-arterial; infusion technique, up to 1 hour"
      },
      {
        "system": "http://www.ama-assn.org/go/cpt",
        "version": "2021.5.21AA",
        "code": "96420",
        "display": "Chemotherapy administration, intra-arterial; push technique"
      },
      {
        "system": "http://www.ama-assn.org/go/cpt",
        "version": "2021.5.21AA",
        "code": "96415",
        "display": "Chemotherapy administration, intravenous infusion technique; each additional hour (List separately in addition to code for primary procedure)"
      },
      {
        "system": "http://www.ama-assn.org/go/cpt",
        "version": "2021.5.21AA",
        "code": "96417",
        "display": "Chemotherapy administration, intravenous infusion technique; each additional sequential infusion (different substance/drug), up to 1 hour (List separately in addition to code for primary procedure)"
      },
      {
        "system": "http://www.ama-assn.org/go/cpt",
        "version": "2021.5.21AA",
        "code": "96416",
        "display": "Chemotherapy administration, intravenous infusion technique; initiation of prolonged chemotherapy infusion (more than 8 hours), requiring use of a portable or implantable pump"
      },
      {
        "system": "http://www.ama-assn.org/go/cpt",
        "version": "2021.5.21AA",
        "code": "96413",
        "display": "Chemotherapy administration, intravenous infusion technique; up to 1 hour, single or initial substance/drug"
      },
      {
        "system": "http://www.ama-assn.org/go/cpt",
        "version": "2021.5.21AA",
        "code": "96402",
        "display": "Chemotherapy administration, subcutaneous or intramuscular; hormonal anti-neoplastic"
      },
      {
        "system": "http://www.ama-assn.org/go/cpt",
        "version": "2021.5.21AA",
        "code": "96401",
        "display": "Chemotherapy administration, subcutaneous or intramuscular; non-hormonal anti-neoplastic"
      },
      {
        "system": "http://snomed.info/sct",
        "version": "2021.03.20AB",
        "code": "12149006",
        "display": "Chemotherapy administration, subcutaneous, with local anesthesia"
      },
      {
        "system": "http://www.ama-assn.org/go/cpt",
        "version": "2021.5.21AA",
        "code": "96406",
        "display": "Chemotherapy administration; intralesional, more than 7 lesions"
      },
      {
        "system": "http://www.ama-assn.org/go/cpt",
        "version": "2021.5.21AA",
        "code": "96405",
        "display": "Chemotherapy administration; intralesional, up to and including 7 lesions"
      },
      {
        "system": "http://www.ama-assn.org/go/cpt",
        "version": "2021.5.21AA",
        "code": "96411",
        "display": "Chemotherapy administration; intravenous, push technique, each additional substance/drug (List separately in addition to code for primary procedure)"
      },
      {
        "system": "http://www.ama-assn.org/go/cpt",
        "version": "2021.5.21AA",
        "code": "96409",
        "display": "Chemotherapy administration; intravenous, push technique, single or initial substance/drug"
      },
      {
        "system": "http://snomed.info/sct",
        "version": "2021.03.20AB",
        "code": "399042005",
        "display": "Chemotherapy cycle"
      },
      {
        "system": "http://snomed.info/sct",
        "version": "2021.03.20AB",
        "code": "22733003",
        "display": "Chemotherapy for non-malignant neoplasm"
      },
      {
        "system": "http://snomed.info/sct",
        "version": "2021.03.20AB",
        "code": "68619000",
        "display": "Chemotherapy for non-neoplastic disease"
      },
      {
        "system": "http://www.ama-assn.org/go/cpt",
        "version": "2021.5.21AA",
        "code": "96542",
        "display": "Chemotherapy injection, subarachnoid or intraventricular via subcutaneous reservoir, single or multiple agents"
      },
      {
        "system": "http://snomed.info/sct",
        "version": "2021.03.20AB",
        "code": "703423002",
        "display": "Combined chemotherapy and radiation therapy"
      },
      {
        "system": "http://snomed.info/sct",
        "version": "2021.03.20AB",
        "code": "394935005",
        "display": "Combined post-operative chemotherapy and radiotherapy"
      },
      {
        "system": "http://snomed.info/sct",
        "version": "2021.03.20AB",
        "code": "309698005",
        "display": "Continuous infusion of chemotherapy"
      },
      {
        "system": "http://snomed.info/sct",
        "version": "2021.03.20AB",
        "code": "455291000124101",
        "display": "Dose-adjusted EPOCH"
      },
      {
        "system": "http://snomed.info/sct",
        "version": "2021.03.20AB",
        "code": "455281000124104",
        "display": "Dose-dense methotrexate-vinblastine-doxorubicin-cisplatin chemotherapy regimen"
      },
      {
        "system": "http://snomed.info/sct",
        "version": "2021.03.20AB",
        "code": "722482005",
        "display": "ABVD chemotherapy regimen"
      },
      {
        "system": "http://snomed.info/sct",
        "version": "2021.03.20AB",
        "code": "870250004",
        "display": "FOLFIRINOX antineoplastic chemotherapy regimen"
      },
      {
        "system": "http://snomed.info/sct",
        "version": "2021.03.20AB",
        "code": "870249004",
        "display": "FOLFIRI antineoplastic chemotherapy regimen"
      },
      {
        "system": "http://snomed.info/sct",
        "version": "2021.03.20AB",
        "code": "461391000124102",
        "display": "Folinic acid-fluororuracil-oxaliplatin regimen"
      },
      {
        "system": "http://snomed.info/sct",
        "version": "2021.03.20AB",
        "code": "720379009",
        "display": "Hepatic arterial infusion chemotherapy"
      },
      {
        "system": "http://snomed.info/sct",
        "version": "2021.03.20AB",
        "code": "450827009",
        "display": "Induction chemotherapy"
      },
      {
        "system": "http://snomed.info/sct",
        "version": "2021.03.20AB",
        "code": "38216008",
        "display": "Infusion chemotherapy for malignant neoplasm"
      },
      {
        "system": "http://snomed.info/sct",
        "version": "2021.03.20AB",
        "code": "87776000",
        "display": "Intra-arterial infusion of antineoplastic agent"
      },
      {
        "system": "http://snomed.info/sct",
        "version": "2021.03.20AB",
        "code": "31652009",
        "display": "Intracavitary chemotherapy for malignant neoplasm"
      },
      {
        "system": "http://snomed.info/sct",
        "version": "2021.03.20AB",
        "code": "265761001",
        "display": "Intramuscular chemotherapy"
      },
      {
        "system": "http://snomed.info/sct",
        "version": "2021.03.20AB",
        "code": "265760000",
        "display": "Intravenous chemotherapy"
      },
      {
        "system": "http://snomed.info/sct",
        "version": "2021.03.20AB",
        "code": "86036005",
        "display": "Intravenous chemotherapy administration by push technique"
      },
      {
        "system": "http://www.ama-assn.org/go/cpt",
        "version": "2021.5.21AA",
        "code": "96523",
        "display": "Irrigation of implanted venous access device for drug delivery systems"
      },
      {
        "system": "http://snomed.info/sct",
        "version": "2021.03.20AB",
        "code": "77738002",
        "display": "Local chemotherapy for malignant neoplasm"
      },
      {
        "system": "http://snomed.info/sct",
        "version": "2021.03.20AB",
        "code": "266719004",
        "display": "Oral chemotherapy"
      },
      {
        "system": "http://snomed.info/sct",
        "version": "2021.03.20AB",
        "code": "51534007",
        "display": "Oral chemotherapy for malignant neoplasm"
      },
      {
        "system": "http://snomed.info/sct",
        "version": "2021.03.20AB",
        "code": "4114003",
        "display": "Parenteral chemotherapy for malignant neoplasm"
      },
      {
        "system": "http://snomed.info/sct",
        "version": "2021.03.20AB",
        "code": "6872008",
        "display": "Perfusion chemotherapy for malignant neoplasm"
      },
      {
        "system": "http://snomed.info/sct",
        "version": "2021.03.20AB",
        "code": "700496000",
        "display": "Postoperative administration of antineoplastic agent into peritoneal cavity"
      },
      {
        "system": "http://snomed.info/sct",
        "version": "2021.03.20AB",
        "code": "394895009",
        "display": "Postoperative chemotherapy"
      },
      {
        "system": "http://snomed.info/sct",
        "version": "2021.03.20AB",
        "code": "394894008",
        "display": "Pre-operative chemotherapy"
      },
      {
        "system": "http://snomed.info/sct",
        "version": "2021.03.20AB",
        "code": "268500004",
        "display": "Prophylactic chemotherapy"
      },
      {
        "system": "http://snomed.info/sct",
        "version": "2021.03.20AB",
        "code": "169400008",
        "display": "Radiochemotherapy via intravenous route"
      },
      {
        "system": "http://snomed.info/sct",
        "version": "2021.03.20AB",
        "code": "169401007",
        "display": "Radiochemotherapy: for immunosuppression"
      },
      {
        "system": "http://snomed.info/sct",
        "version": "2021.03.20AB",
        "code": "169403005",
        "display": "Radiochemotherapy: into cavity"
      },
      {
        "system": "http://snomed.info/sct",
        "version": "2021.03.20AB",
        "code": "169402000",
        "display": "Radiochemotherapy: local artery"
      },
      {
        "system": "http://snomed.info/sct",
        "version": "2021.03.20AB",
        "code": "169397004",
        "display": "Radiochemotherapy: local infiltration"
      },
      {
        "system": "http://snomed.info/sct",
        "version": "2021.03.20AB",
        "code": "169399001",
        "display": "Radiochemotherapy: oral route"
      },
      {
        "system": "http://snomed.info/sct",
        "version": "2021.03.20AB",
        "code": "169398009",
        "display": "Radiochemotherapy: to stop spread"
      },
      {
        "system": "http://snomed.info/sct",
        "version": "2021.03.20AB",
        "code": "169396008",
        "display": "Radiomimetic chemotherapy"
      },
      {
        "system": "http://www.ama-assn.org/go/cpt",
        "version": "2021.5.21AA",
        "code": "96522",
        "display": "Refilling and maintenance of implantable pump or reservoir for drug delivery, systemic (eg, intravenous, intra-arterial)"
      },
      {
        "system": "http://www.ama-assn.org/go/cpt",
        "version": "2021.5.21AA",
        "code": "96521",
        "display": "Refilling and maintenance of portable pump"
      },
      {
        "system": "http://snomed.info/sct",
        "version": "2021.03.20AB",
        "code": "722491009",
        "display": "R-CHOP chemotherapy regimen"
      },
      {
        "system": "http://snomed.info/sct",
        "version": "2021.03.20AB",
        "code": "722472009",
        "display": "R-ICE chemotherapy regimen"
      },
      {
        "system": "http://snomed.info/sct",
        "version": "2021.03.20AB",
        "code": "265762008",
        "display": "Subcutaneous chemotherapy"
      },
      {
        "system": "http://snomed.info/sct",
        "version": "2021.03.20AB",
        "code": "24977001",
        "display": "Topical chemotherapy for malignant neoplasm"
      },
      {
        "system": "http://snomed.info/sct",
        "version": "2021.03.20AB",
        "code": "182975000",
        "display": "TB chemotherapy"
      },
      {
        "system": "http://www.ama-assn.org/go/cpt",
        "version": "2021.5.21AA",
        "code": "96549",
        "display": "Unlisted chemotherapy procedure"
      }
    ]
  }
}