<?xml version="1.0" encoding="UTF-8"?>
<library xmlns="urn:hl7-org:elm:r1" xmlns:t="urn:hl7-org:elm-types:r1" xmlns:xsi="http://www.w3.org/2001/XMLSchema-instance" xmlns:xsd="http://www.w3.org/2001/XMLSchema" xmlns:fhir="http://hl7.org/fhir" xmlns:qdm43="urn:healthit-gov:qdm:v4_3" xmlns:qdm53="urn:healthit-gov:qdm:v5_3" xmlns:a="urn:hl7-org:cql-annotations:r1">
   <annotation translatorOptions="EnableAnnotations,EnableLocators,EnableResultTypes" xsi:type="a:CqlToElmInfo"/>
   <identifier id="NCQA_Status" version="1.0.0"/>
   <schemaIdentifier id="urn:hl7-org:elm" version="r1"/>
   <usings>
      <def localIdentifier="System" uri="urn:hl7-org:elm-types:r1"/>
      <def localId="1" locator="3:1-3:26" localIdentifier="FHIR" uri="http://hl7.org/fhir" version="4.0.1"/>
   </usings>
   <includes>
      <def localId="2" locator="5:1-5:54" localIdentifier="FHIRHelpers" path="FHIRHelpers" version="4.0.1"/>
      <def localId="3" locator="6:1-6:59" localIdentifier="Terminology" path="NCQA_Terminology" version="1.0.0"/>
   </includes>
   <statements>
      <def locator="8:1-8:15" name="Patient" context="Patient">
         <expression xsi:type="SingletonFrom">
            <operand locator="8:1-8:15" dataType="fhir:Patient" templateId="http://hl7.org/fhir/StructureDefinition/Patient" xsi:type="Retrieve"/>
         </expression>
      </def>
      <def localId="14" locator="12:1-14:49" name="Active Condition" context="Patient" accessLevel="Public" xsi:type="FunctionDef">
         <annotation xsi:type="a:Annotation">
            <a:s r="14">
               <a:s>define function &quot;Active Condition&quot;(Condition </a:s>
               <a:s r="5">
                  <a:s>List&lt;</a:s>
                  <a:s r="4">
                     <a:s>FHIR.Condition</a:s>
                  </a:s>
                  <a:s>></a:s>
               </a:s>
               <a:s>):&#xd;
  </a:s>
               <a:s r="13">
                  <a:s r="13">
                     <a:s>
                        <a:s r="7">
                           <a:s r="6">
                              <a:s>
                                 <a:s>Condition</a:s>
                              </a:s>
                           </a:s>
                           <a:s> C</a:s>
                        </a:s>
                     </a:s>
                     <a:s>&#xd;
    </a:s>
                     <a:s r="12">
                        <a:s>where </a:s>
                        <a:s r="12">
                           <a:s r="9">
                              <a:s r="8">
                                 <a:s>C</a:s>
                              </a:s>
                              <a:s>.</a:s>
                              <a:s r="9">
                                 <a:s>clinicalStatus</a:s>
                              </a:s>
                           </a:s>
                           <a:s> = </a:s>
                           <a:s r="11">
                              <a:s r="10">
                                 <a:s>Terminology</a:s>
                              </a:s>
                              <a:s>.</a:s>
                              <a:s r="11">
                                 <a:s>&quot;active&quot;</a:s>
                              </a:s>
                           </a:s>
                        </a:s>
                     </a:s>
                  </a:s>
               </a:s>
            </a:s>
         </annotation>
         <resultTypeSpecifier xsi:type="ListTypeSpecifier">
            <elementType name="fhir:Condition" xsi:type="NamedTypeSpecifier"/>
         </resultTypeSpecifier>
         <expression localId="13" locator="13:3-14:49" xsi:type="Query">
            <resultTypeSpecifier xsi:type="ListTypeSpecifier">
               <elementType name="fhir:Condition" xsi:type="NamedTypeSpecifier"/>
            </resultTypeSpecifier>
            <source localId="7" locator="13:3-13:13" alias="C">
               <resultTypeSpecifier xsi:type="ListTypeSpecifier">
                  <elementType name="fhir:Condition" xsi:type="NamedTypeSpecifier"/>
               </resultTypeSpecifier>
               <expression localId="6" locator="13:3-13:11" name="Condition" xsi:type="OperandRef">
                  <resultTypeSpecifier xsi:type="ListTypeSpecifier">
                     <elementType name="fhir:Condition" xsi:type="NamedTypeSpecifier"/>
                  </resultTypeSpecifier>
               </expression>
            </source>
            <where localId="12" locator="14:5-14:49" resultTypeName="t:Boolean" xsi:type="Equal">
               <operand name="ToConcept" libraryName="FHIRHelpers" xsi:type="FunctionRef">
                  <operand localId="9" locator="14:11-14:26" resultTypeName="fhir:CodeableConcept" path="clinicalStatus" scope="C" xsi:type="Property"/>
               </operand>
               <operand xsi:type="ToConcept">
                  <operand localId="11" locator="14:30-14:49" resultTypeName="t:Code" name="active" libraryName="Terminology" xsi:type="CodeRef"/>
               </operand>
            </where>
         </expression>
         <operand name="Condition">
            <operandTypeSpecifier localId="5" locator="12:46-12:65" xsi:type="ListTypeSpecifier">
               <resultTypeSpecifier xsi:type="ListTypeSpecifier">
                  <elementType name="fhir:Condition" xsi:type="NamedTypeSpecifier"/>
               </resultTypeSpecifier>
               <elementType localId="4" locator="12:51-12:64" resultTypeName="fhir:Condition" name="fhir:Condition" xsi:type="NamedTypeSpecifier"/>
            </operandTypeSpecifier>
         </operand>
      </def>
      <def localId="24" locator="18:1-20:31" name="Finished Encounter" context="Patient" accessLevel="Public" xsi:type="FunctionDef">
         <annotation xsi:type="a:Annotation">
            <a:s r="24">
               <a:s>define function &quot;Finished Encounter&quot;(Enc </a:s>
               <a:s r="16">
                  <a:s>List&lt;</a:s>
                  <a:s r="15">
                     <a:s>FHIR.Encounter</a:s>
                  </a:s>
                  <a:s>></a:s>
               </a:s>
               <a:s>):&#xd;
  </a:s>
               <a:s r="23">
                  <a:s r="23">
                     <a:s>
                        <a:s r="18">
                           <a:s r="17">
                              <a:s>
                                 <a:s>Enc</a:s>
                              </a:s>
                           </a:s>
                           <a:s> E</a:s>
                        </a:s>
                     </a:s>
                     <a:s>&#xd;
    </a:s>
                     <a:s r="22">
                        <a:s>where </a:s>
                        <a:s r="22">
                           <a:s r="20">
                              <a:s r="19">
                                 <a:s>E</a:s>
                              </a:s>
                              <a:s>.</a:s>
                              <a:s r="20">
                                 <a:s>status</a:s>
                              </a:s>
                           </a:s>
                           <a:s> = </a:s>
                           <a:s r="21">
                              <a:s>'finished'</a:s>
                           </a:s>
                        </a:s>
                     </a:s>
                  </a:s>
               </a:s>
            </a:s>
         </annotation>
         <resultTypeSpecifier xsi:type="ListTypeSpecifier">
            <elementType name="fhir:Encounter" xsi:type="NamedTypeSpecifier"/>
         </resultTypeSpecifier>
         <expression localId="23" locator="19:3-20:31" xsi:type="Query">
            <resultTypeSpecifier xsi:type="ListTypeSpecifier">
               <elementType name="fhir:Encounter" xsi:type="NamedTypeSpecifier"/>
            </resultTypeSpecifier>
            <source localId="18" locator="19:3-19:7" alias="E">
               <resultTypeSpecifier xsi:type="ListTypeSpecifier">
                  <elementType name="fhir:Encounter" xsi:type="NamedTypeSpecifier"/>
               </resultTypeSpecifier>
               <expression localId="17" locator="19:3-19:5" name="Enc" xsi:type="OperandRef">
                  <resultTypeSpecifier xsi:type="ListTypeSpecifier">
                     <elementType name="fhir:Encounter" xsi:type="NamedTypeSpecifier"/>
                  </resultTypeSpecifier>
               </expression>
            </source>
            <where localId="22" locator="20:5-20:31" resultTypeName="t:Boolean" xsi:type="Equal">
               <operand name="ToString" libraryName="FHIRHelpers" xsi:type="FunctionRef">
                  <operand localId="20" locator="20:11-20:18" resultTypeName="fhir:EncounterStatus" path="status" scope="E" xsi:type="Property"/>
               </operand>
               <operand localId="21" locator="20:22-20:31" resultTypeName="t:String" valueType="t:String" value="finished" xsi:type="Literal"/>
            </where>
         </expression>
         <operand name="Enc">
            <operandTypeSpecifier localId="16" locator="18:42-18:61" xsi:type="ListTypeSpecifier">
               <resultTypeSpecifier xsi:type="ListTypeSpecifier">
                  <elementType name="fhir:Encounter" xsi:type="NamedTypeSpecifier"/>
               </resultTypeSpecifier>
               <elementType localId="15" locator="18:47-18:60" resultTypeName="fhir:Encounter" name="fhir:Encounter" xsi:type="NamedTypeSpecifier"/>
            </operandTypeSpecifier>
         </operand>
      </def>
      <def localId="34" locator="24:1-26:32" name="Completed Immunization" context="Patient" accessLevel="Public" xsi:type="FunctionDef">
         <annotation xsi:type="a:Annotation">
            <a:s r="34">
               <a:s>define function &quot;Completed Immunization&quot;(Immunization </a:s>
               <a:s r="26">
                  <a:s>List&lt;</a:s>
                  <a:s r="25">
                     <a:s>FHIR.Immunization</a:s>
                  </a:s>
                  <a:s>></a:s>
               </a:s>
               <a:s>):&#xd;
  </a:s>
               <a:s r="33">
                  <a:s r="33">
                     <a:s>
                        <a:s r="28">
                           <a:s r="27">
                              <a:s>
                                 <a:s>Immunization</a:s>
                              </a:s>
                           </a:s>
                           <a:s> I</a:s>
                        </a:s>
                     </a:s>
                     <a:s>&#xd;
    </a:s>
                     <a:s r="32">
                        <a:s>where </a:s>
                        <a:s r="32">
                           <a:s r="30">
                              <a:s r="29">
                                 <a:s>I</a:s>
                              </a:s>
                              <a:s>.</a:s>
                              <a:s r="30">
                                 <a:s>status</a:s>
                              </a:s>
                           </a:s>
                           <a:s> = </a:s>
                           <a:s r="31">
                              <a:s>'completed'</a:s>
                           </a:s>
                        </a:s>
                     </a:s>
                  </a:s>
               </a:s>
            </a:s>
         </annotation>
         <resultTypeSpecifier xsi:type="ListTypeSpecifier">
            <elementType name="fhir:Immunization" xsi:type="NamedTypeSpecifier"/>
         </resultTypeSpecifier>
         <expression localId="33" locator="25:3-26:32" xsi:type="Query">
            <resultTypeSpecifier xsi:type="ListTypeSpecifier">
               <elementType name="fhir:Immunization" xsi:type="NamedTypeSpecifier"/>
            </resultTypeSpecifier>
            <source localId="28" locator="25:3-25:16" alias="I">
               <resultTypeSpecifier xsi:type="ListTypeSpecifier">
                  <elementType name="fhir:Immunization" xsi:type="NamedTypeSpecifier"/>
               </resultTypeSpecifier>
               <expression localId="27" locator="25:3-25:14" name="Immunization" xsi:type="OperandRef">
                  <resultTypeSpecifier xsi:type="ListTypeSpecifier">
                     <elementType name="fhir:Immunization" xsi:type="NamedTypeSpecifier"/>
                  </resultTypeSpecifier>
               </expression>
            </source>
            <where localId="32" locator="26:5-26:32" resultTypeName="t:Boolean" xsi:type="Equal">
               <operand name="ToString" libraryName="FHIRHelpers" xsi:type="FunctionRef">
                  <operand localId="30" locator="26:11-26:18" resultTypeName="fhir:ImmunizationStatus" path="status" scope="I" xsi:type="Property"/>
               </operand>
               <operand localId="31" locator="26:22-26:32" resultTypeName="t:String" valueType="t:String" value="completed" xsi:type="Literal"/>
            </where>
         </expression>
         <operand name="Immunization">
            <operandTypeSpecifier localId="26" locator="24:55-24:77" xsi:type="ListTypeSpecifier">
               <resultTypeSpecifier xsi:type="ListTypeSpecifier">
                  <elementType name="fhir:Immunization" xsi:type="NamedTypeSpecifier"/>
               </resultTypeSpecifier>
               <elementType localId="25" locator="24:60-24:76" resultTypeName="fhir:Immunization" name="fhir:Immunization" xsi:type="NamedTypeSpecifier"/>
            </operandTypeSpecifier>
         </operand>
      </def>
      <def localId="44" locator="30:1-32:32" name="Dispensed Medication" context="Patient" accessLevel="Public" xsi:type="FunctionDef">
         <annotation xsi:type="a:Annotation">
            <a:s r="44">
               <a:s>define function &quot;Dispensed Medication&quot;(Med </a:s>
               <a:s r="36">
                  <a:s>List&lt;</a:s>
                  <a:s r="35">
                     <a:s>FHIR.MedicationDispense</a:s>
                  </a:s>
                  <a:s>></a:s>
               </a:s>
               <a:s>):&#xd;
  </a:s>
               <a:s r="43">
                  <a:s r="43">
                     <a:s>
                        <a:s r="38">
                           <a:s r="37">
                              <a:s>
                                 <a:s>Med</a:s>
                              </a:s>
                           </a:s>
                           <a:s> M</a:s>
                        </a:s>
                     </a:s>
                     <a:s>&#xd;
    </a:s>
                     <a:s r="42">
                        <a:s>where </a:s>
                        <a:s r="42">
                           <a:s r="40">
                              <a:s r="39">
                                 <a:s>M</a:s>
                              </a:s>
                              <a:s>.</a:s>
                              <a:s r="40">
                                 <a:s>status</a:s>
                              </a:s>
                           </a:s>
                           <a:s> = </a:s>
                           <a:s r="41">
                              <a:s>'completed'</a:s>
                           </a:s>
                        </a:s>
                     </a:s>
                  </a:s>
               </a:s>
            </a:s>
         </annotation>
         <resultTypeSpecifier xsi:type="ListTypeSpecifier">
            <elementType name="fhir:MedicationDispense" xsi:type="NamedTypeSpecifier"/>
         </resultTypeSpecifier>
         <expression localId="43" locator="31:3-32:32" xsi:type="Query">
            <resultTypeSpecifier xsi:type="ListTypeSpecifier">
               <elementType name="fhir:MedicationDispense" xsi:type="NamedTypeSpecifier"/>
            </resultTypeSpecifier>
            <source localId="38" locator="31:3-31:7" alias="M">
               <resultTypeSpecifier xsi:type="ListTypeSpecifier">
                  <elementType name="fhir:MedicationDispense" xsi:type="NamedTypeSpecifier"/>
               </resultTypeSpecifier>
               <expression localId="37" locator="31:3-31:5" name="Med" xsi:type="OperandRef">
                  <resultTypeSpecifier xsi:type="ListTypeSpecifier">
                     <elementType name="fhir:MedicationDispense" xsi:type="NamedTypeSpecifier"/>
                  </resultTypeSpecifier>
               </expression>
            </source>
            <where localId="42" locator="32:5-32:32" resultTypeName="t:Boolean" xsi:type="Equal">
               <operand name="ToString" libraryName="FHIRHelpers" xsi:type="FunctionRef">
                  <operand localId="40" locator="32:11-32:18" resultTypeName="fhir:MedicationDispenseStatus" path="status" scope="M" xsi:type="Property"/>
               </operand>
               <operand localId="41" locator="32:22-32:32" resultTypeName="t:String" valueType="t:String" value="completed" xsi:type="Literal"/>
            </where>
         </expression>
         <operand name="Med">
            <operandTypeSpecifier localId="36" locator="30:44-30:72" xsi:type="ListTypeSpecifier">
               <resultTypeSpecifier xsi:type="ListTypeSpecifier">
                  <elementType name="fhir:MedicationDispense" xsi:type="NamedTypeSpecifier"/>
               </resultTypeSpecifier>
               <elementType localId="35" locator="30:49-30:71" resultTypeName="fhir:MedicationDispense" name="fhir:MedicationDispense" xsi:type="NamedTypeSpecifier"/>
            </operandTypeSpecifier>
         </operand>
      </def>
      <def localId="54" locator="36:1-38:32" name="Completed Procedure" context="Patient" accessLevel="Public" xsi:type="FunctionDef">
         <annotation xsi:type="a:Annotation">
            <a:s r="54">
               <a:s>define function &quot;Completed Procedure&quot;(Proc </a:s>
               <a:s r="46">
                  <a:s>List&lt;</a:s>
                  <a:s r="45">
                     <a:s>FHIR.Procedure</a:s>
                  </a:s>
                  <a:s>></a:s>
               </a:s>
               <a:s>):&#xd;
  </a:s>
               <a:s r="53">
                  <a:s r="53">
                     <a:s>
                        <a:s r="48">
                           <a:s r="47">
                              <a:s>
                                 <a:s>Proc</a:s>
                              </a:s>
                           </a:s>
                           <a:s> P</a:s>
                        </a:s>
                     </a:s>
                     <a:s>&#xd;
    </a:s>
                     <a:s r="52">
                        <a:s>where </a:s>
                        <a:s r="52">
                           <a:s r="50">
                              <a:s r="49">
                                 <a:s>P</a:s>
                              </a:s>
                              <a:s>.</a:s>
                              <a:s r="50">
                                 <a:s>status</a:s>
                              </a:s>
                           </a:s>
                           <a:s> = </a:s>
                           <a:s r="51">
                              <a:s>'completed'</a:s>
                           </a:s>
                        </a:s>
                     </a:s>
                  </a:s>
               </a:s>
            </a:s>
         </annotation>
         <resultTypeSpecifier xsi:type="ListTypeSpecifier">
            <elementType name="fhir:Procedure" xsi:type="NamedTypeSpecifier"/>
         </resultTypeSpecifier>
         <expression localId="53" locator="37:3-38:32" xsi:type="Query">
            <resultTypeSpecifier xsi:type="ListTypeSpecifier">
               <elementType name="fhir:Procedure" xsi:type="NamedTypeSpecifier"/>
            </resultTypeSpecifier>
            <source localId="48" locator="37:3-37:8" alias="P">
               <resultTypeSpecifier xsi:type="ListTypeSpecifier">
                  <elementType name="fhir:Procedure" xsi:type="NamedTypeSpecifier"/>
               </resultTypeSpecifier>
               <expression localId="47" locator="37:3-37:6" name="Proc" xsi:type="OperandRef">
                  <resultTypeSpecifier xsi:type="ListTypeSpecifier">
                     <elementType name="fhir:Procedure" xsi:type="NamedTypeSpecifier"/>
                  </resultTypeSpecifier>
               </expression>
            </source>
            <where localId="52" locator="38:5-38:32" resultTypeName="t:Boolean" xsi:type="Equal">
               <operand name="ToString" libraryName="FHIRHelpers" xsi:type="FunctionRef">
                  <operand localId="50" locator="38:11-38:18" resultTypeName="fhir:ProcedureStatus" path="status" scope="P" xsi:type="Property"/>
               </operand>
               <operand localId="51" locator="38:22-38:32" resultTypeName="t:String" valueType="t:String" value="completed" xsi:type="Literal"/>
            </where>
         </expression>
         <operand name="Proc">
            <operandTypeSpecifier localId="46" locator="36:44-36:63" xsi:type="ListTypeSpecifier">
               <resultTypeSpecifier xsi:type="ListTypeSpecifier">
                  <elementType name="fhir:Procedure" xsi:type="NamedTypeSpecifier"/>
               </resultTypeSpecifier>
               <elementType localId="45" locator="36:49-36:62" resultTypeName="fhir:Procedure" name="fhir:Procedure" xsi:type="NamedTypeSpecifier"/>
            </operandTypeSpecifier>
         </operand>
      </def>
      <def localId="66" locator="40:1-42:52" name="Completed or Ongoing Procedure" context="Patient" accessLevel="Public" xsi:type="FunctionDef">
         <annotation xsi:type="a:Annotation">
            <a:s r="66">
               <a:s>define function &quot;Completed or Ongoing Procedure&quot;(Proc </a:s>
               <a:s r="56">
                  <a:s>List&lt;</a:s>
                  <a:s r="55">
                     <a:s>FHIR.Procedure</a:s>
                  </a:s>
                  <a:s>></a:s>
               </a:s>
               <a:s>):&#xd;
  </a:s>
               <a:s r="65">
                  <a:s r="65">
                     <a:s>
                        <a:s r="58">
                           <a:s r="57">
                              <a:s>
                                 <a:s>Proc</a:s>
                              </a:s>
                           </a:s>
                           <a:s> P</a:s>
                        </a:s>
                     </a:s>
                     <a:s>&#xd;
    </a:s>
                     <a:s r="64">
                        <a:s>where </a:s>
                        <a:s r="64">
                           <a:s r="60">
                              <a:s r="59">
                                 <a:s>P</a:s>
                              </a:s>
                              <a:s>.</a:s>
                              <a:s r="60">
                                 <a:s>status</a:s>
                              </a:s>
                           </a:s>
                           <a:s> in </a:s>
                           <a:s r="63">
                              <a:s>{ </a:s>
                              <a:s r="61">
                                 <a:s>'completed'</a:s>
                              </a:s>
                              <a:s>, </a:s>
                              <a:s r="62">
                                 <a:s>'in-progress'</a:s>
                              </a:s>
                              <a:s> }</a:s>
                           </a:s>
                        </a:s>
                     </a:s>
                  </a:s>
               </a:s>
            </a:s>
         </annotation>
         <resultTypeSpecifier xsi:type="ListTypeSpecifier">
            <elementType name="fhir:Procedure" xsi:type="NamedTypeSpecifier"/>
         </resultTypeSpecifier>
         <expression localId="65" locator="41:3-42:52" xsi:type="Query">
            <resultTypeSpecifier xsi:type="ListTypeSpecifier">
               <elementType name="fhir:Procedure" xsi:type="NamedTypeSpecifier"/>
            </resultTypeSpecifier>
            <source localId="58" locator="41:3-41:8" alias="P">
               <resultTypeSpecifier xsi:type="ListTypeSpecifier">
                  <elementType name="fhir:Procedure" xsi:type="NamedTypeSpecifier"/>
               </resultTypeSpecifier>
               <expression localId="57" locator="41:3-41:6" name="Proc" xsi:type="OperandRef">
                  <resultTypeSpecifier xsi:type="ListTypeSpecifier">
                     <elementType name="fhir:Procedure" xsi:type="NamedTypeSpecifier"/>
                  </resultTypeSpecifier>
               </expression>
            </source>
            <where localId="64" locator="42:5-42:52" resultTypeName="t:Boolean" xsi:type="In">
               <operand name="ToString" libraryName="FHIRHelpers" xsi:type="FunctionRef">
                  <operand localId="60" locator="42:11-42:18" resultTypeName="fhir:ProcedureStatus" path="status" scope="P" xsi:type="Property"/>
               </operand>
               <operand localId="63" locator="42:23-42:52" xsi:type="List">
                  <resultTypeSpecifier xsi:type="ListTypeSpecifier">
                     <elementType name="t:String" xsi:type="NamedTypeSpecifier"/>
                  </resultTypeSpecifier>
                  <element localId="61" locator="42:25-42:35" resultTypeName="t:String" valueType="t:String" value="completed" xsi:type="Literal"/>
                  <element localId="62" locator="42:38-42:50" resultTypeName="t:String" valueType="t:String" value="in-progress" xsi:type="Literal"/>
               </operand>
            </where>
         </expression>
         <operand name="Proc">
            <operandTypeSpecifier localId="56" locator="40:55-40:74" xsi:type="ListTypeSpecifier">
               <resultTypeSpecifier xsi:type="ListTypeSpecifier">
                  <elementType name="fhir:Procedure" xsi:type="NamedTypeSpecifier"/>
               </resultTypeSpecifier>
               <elementType localId="55" locator="40:60-40:73" resultTypeName="fhir:Procedure" name="fhir:Procedure" xsi:type="NamedTypeSpecifier"/>
            </operandTypeSpecifier>
         </operand>
      </def>
   </statements>
</library>


