{
   "library" : {
      "annotation" : [ {
         "translatorOptions" : "EnableAnnotations,EnableLocators,EnableResultTypes",
         "type" : "CqlToElmInfo"
      } ],
      "identifier" : {
         "id" : "NCQA_Status",
         "version" : "1.0.0"
      },
      "schemaIdentifier" : {
         "id" : "urn:hl7-org:elm",
         "version" : "r1"
      },
      "usings" : {
         "def" : [ {
            "localIdentifier" : "System",
            "uri" : "urn:hl7-org:elm-types:r1"
         }, {
            "localId" : "1",
            "locator" : "3:1-3:26",
            "localIdentifier" : "FHIR",
            "uri" : "http://hl7.org/fhir",
            "version" : "4.0.1"
         } ]
      },
      "includes" : {
         "def" : [ {
            "localId" : "2",
            "locator" : "5:1-5:54",
            "localIdentifier" : "FHIRHelpers",
            "path" : "FHIRHelpers",
            "version" : "4.0.1"
         }, {
            "localId" : "3",
            "locator" : "6:1-6:59",
            "localIdentifier" : "Terminology",
            "path" : "NCQA_Terminology",
            "version" : "1.0.0"
         } ]
      },
      "statements" : {
         "def" : [ {
            "locator" : "8:1-8:15",
            "name" : "Patient",
            "context" : "Patient",
            "expression" : {
               "type" : "SingletonFrom",
               "operand" : {
                  "locator" : "8:1-8:15",
                  "dataType" : "{http://hl7.org/fhir}Patient",
                  "templateId" : "http://hl7.org/fhir/StructureDefinition/Patient",
                  "type" : "Retrieve"
               }
            }
         }, {
            "localId" : "14",
            "locator" : "12:1-14:49",
            "name" : "Active Condition",
            "context" : "Patient",
            "accessLevel" : "Public",
            "type" : "FunctionDef",
            "annotation" : [ {
               "type" : "Annotation",
               "s" : {
                  "r" : "14",
                  "s" : [ {
                     "value" : [ "define function ","\"Active Condition\"","(","Condition"," " ]
                  }, {
                     "r" : "5",
                     "s" : [ {
                        "value" : [ "List<" ]
                     }, {
                        "r" : "4",
                        "s" : [ {
                           "value" : [ "FHIR",".","Condition" ]
                        } ]
                     }, {
                        "value" : [ ">" ]
                     } ]
                  }, {
                     "value" : [ "):\r\n  " ]
                  }, {
                     "r" : "13",
                     "s" : [ {
                        "r" : "13",
                        "s" : [ {
                           "s" : [ {
                              "r" : "7",
                              "s" : [ {
                                 "r" : "6",
                                 "s" : [ {
                                    "s" : [ {
                                       "value" : [ "Condition" ]
                                    } ]
                                 } ]
                              }, {
                                 "value" : [ " ","C" ]
                              } ]
                           } ]
                        }, {
                           "value" : [ "\r\n    " ]
                        }, {
                           "r" : "12",
                           "s" : [ {
                              "value" : [ "where " ]
                           }, {
                              "r" : "12",
                              "s" : [ {
                                 "r" : "9",
                                 "s" : [ {
                                    "r" : "8",
                                    "s" : [ {
                                       "value" : [ "C" ]
                                    } ]
                                 }, {
                                    "value" : [ "." ]
                                 }, {
                                    "r" : "9",
                                    "s" : [ {
                                       "value" : [ "clinicalStatus" ]
                                    } ]
                                 } ]
                              }, {
                                 "value" : [ " ","="," " ]
                              }, {
                                 "r" : "11",
                                 "s" : [ {
                                    "r" : "10",
                                    "s" : [ {
                                       "value" : [ "Terminology" ]
                                    } ]
                                 }, {
                                    "value" : [ "." ]
                                 }, {
                                    "r" : "11",
                                    "s" : [ {
                                       "value" : [ "\"active\"" ]
                                    } ]
                                 } ]
                              } ]
                           } ]
                        } ]
                     } ]
                  } ]
               }
            } ],
            "resultTypeSpecifier" : {
               "type" : "ListTypeSpecifier",
               "elementType" : {
                  "name" : "{http://hl7.org/fhir}Condition",
                  "type" : "NamedTypeSpecifier"
               }
            },
            "expression" : {
               "localId" : "13",
               "locator" : "13:3-14:49",
               "type" : "Query",
               "resultTypeSpecifier" : {
                  "type" : "ListTypeSpecifier",
                  "elementType" : {
                     "name" : "{http://hl7.org/fhir}Condition",
                     "type" : "NamedTypeSpecifier"
                  }
               },
               "source" : [ {
                  "localId" : "7",
                  "locator" : "13:3-13:13",
                  "alias" : "C",
                  "resultTypeSpecifier" : {
                     "type" : "ListTypeSpecifier",
                     "elementType" : {
                        "name" : "{http://hl7.org/fhir}Condition",
                        "type" : "NamedTypeSpecifier"
                     }
                  },
                  "expression" : {
                     "localId" : "6",
                     "locator" : "13:3-13:11",
                     "name" : "Condition",
                     "type" : "OperandRef",
                     "resultTypeSpecifier" : {
                        "type" : "ListTypeSpecifier",
                        "elementType" : {
                           "name" : "{http://hl7.org/fhir}Condition",
                           "type" : "NamedTypeSpecifier"
                        }
                     }
                  }
               } ],
               "relationship" : [ ],
               "where" : {
                  "localId" : "12",
                  "locator" : "14:5-14:49",
                  "resultTypeName" : "{urn:hl7-org:elm-types:r1}Boolean",
                  "type" : "Equal",
                  "operand" : [ {
                     "name" : "ToConcept",
                     "libraryName" : "FHIRHelpers",
                     "type" : "FunctionRef",
                     "operand" : [ {
                        "localId" : "9",
                        "locator" : "14:11-14:26",
                        "resultTypeName" : "{http://hl7.org/fhir}CodeableConcept",
                        "path" : "clinicalStatus",
                        "scope" : "C",
                        "type" : "Property"
                     } ]
                  }, {
                     "type" : "ToConcept",
                     "operand" : {
                        "localId" : "11",
                        "locator" : "14:30-14:49",
                        "resultTypeName" : "{urn:hl7-org:elm-types:r1}Code",
                        "name" : "active",
                        "libraryName" : "Terminology",
                        "type" : "CodeRef"
                     }
                  } ]
               }
            },
            "operand" : [ {
               "name" : "Condition",
               "operandTypeSpecifier" : {
                  "localId" : "5",
                  "locator" : "12:46-12:65",
                  "type" : "ListTypeSpecifier",
                  "resultTypeSpecifier" : {
                     "type" : "ListTypeSpecifier",
                     "elementType" : {
                        "name" : "{http://hl7.org/fhir}Condition",
                        "type" : "NamedTypeSpecifier"
                     }
                  },
                  "elementType" : {
                     "localId" : "4",
                     "locator" : "12:51-12:64",
                     "resultTypeName" : "{http://hl7.org/fhir}Condition",
                     "name" : "{http://hl7.org/fhir}Condition",
                     "type" : "NamedTypeSpecifier"
                  }
               }
            } ]
         }, {
            "localId" : "24",
            "locator" : "18:1-20:31",
            "name" : "Finished Encounter",
            "context" : "Patient",
            "accessLevel" : "Public",
            "type" : "FunctionDef",
            "annotation" : [ {
               "type" : "Annotation",
               "s" : {
                  "r" : "24",
                  "s" : [ {
                     "value" : [ "define function ","\"Finished Encounter\"","(","Enc"," " ]
                  }, {
                     "r" : "16",
                     "s" : [ {
                        "value" : [ "List<" ]
                     }, {
                        "r" : "15",
                        "s" : [ {
                           "value" : [ "FHIR",".","Encounter" ]
                        } ]
                     }, {
                        "value" : [ ">" ]
                     } ]
                  }, {
                     "value" : [ "):\r\n  " ]
                  }, {
                     "r" : "23",
                     "s" : [ {
                        "r" : "23",
                        "s" : [ {
                           "s" : [ {
                              "r" : "18",
                              "s" : [ {
                                 "r" : "17",
                                 "s" : [ {
                                    "s" : [ {
                                       "value" : [ "Enc" ]
                                    } ]
                                 } ]
                              }, {
                                 "value" : [ " ","E" ]
                              } ]
                           } ]
                        }, {
                           "value" : [ "\r\n    " ]
                        }, {
                           "r" : "22",
                           "s" : [ {
                              "value" : [ "where " ]
                           }, {
                              "r" : "22",
                              "s" : [ {
                                 "r" : "20",
                                 "s" : [ {
                                    "r" : "19",
                                    "s" : [ {
                                       "value" : [ "E" ]
                                    } ]
                                 }, {
                                    "value" : [ "." ]
                                 }, {
                                    "r" : "20",
                                    "s" : [ {
                                       "value" : [ "status" ]
                                    } ]
                                 } ]
                              }, {
                                 "value" : [ " ","="," " ]
                              }, {
                                 "r" : "21",
                                 "s" : [ {
                                    "value" : [ "'finished'" ]
                                 } ]
                              } ]
                           } ]
                        } ]
                     } ]
                  } ]
               }
            } ],
            "resultTypeSpecifier" : {
               "type" : "ListTypeSpecifier",
               "elementType" : {
                  "name" : "{http://hl7.org/fhir}Encounter",
                  "type" : "NamedTypeSpecifier"
               }
            },
            "expression" : {
               "localId" : "23",
               "locator" : "19:3-20:31",
               "type" : "Query",
               "resultTypeSpecifier" : {
                  "type" : "ListTypeSpecifier",
                  "elementType" : {
                     "name" : "{http://hl7.org/fhir}Encounter",
                     "type" : "NamedTypeSpecifier"
                  }
               },
               "source" : [ {
                  "localId" : "18",
                  "locator" : "19:3-19:7",
                  "alias" : "E",
                  "resultTypeSpecifier" : {
                     "type" : "ListTypeSpecifier",
                     "elementType" : {
                        "name" : "{http://hl7.org/fhir}Encounter",
                        "type" : "NamedTypeSpecifier"
                     }
                  },
                  "expression" : {
                     "localId" : "17",
                     "locator" : "19:3-19:5",
                     "name" : "Enc",
                     "type" : "OperandRef",
                     "resultTypeSpecifier" : {
                        "type" : "ListTypeSpecifier",
                        "elementType" : {
                           "name" : "{http://hl7.org/fhir}Encounter",
                           "type" : "NamedTypeSpecifier"
                        }
                     }
                  }
               } ],
               "relationship" : [ ],
               "where" : {
                  "localId" : "22",
                  "locator" : "20:5-20:31",
                  "resultTypeName" : "{urn:hl7-org:elm-types:r1}Boolean",
                  "type" : "Equal",
                  "operand" : [ {
                     "name" : "ToString",
                     "libraryName" : "FHIRHelpers",
                     "type" : "FunctionRef",
                     "operand" : [ {
                        "localId" : "20",
                        "locator" : "20:11-20:18",
                        "resultTypeName" : "{http://hl7.org/fhir}EncounterStatus",
                        "path" : "status",
                        "scope" : "E",
                        "type" : "Property"
                     } ]
                  }, {
                     "localId" : "21",
                     "locator" : "20:22-20:31",
                     "resultTypeName" : "{urn:hl7-org:elm-types:r1}String",
                     "valueType" : "{urn:hl7-org:elm-types:r1}String",
                     "value" : "finished",
                     "type" : "Literal"
                  } ]
               }
            },
            "operand" : [ {
               "name" : "Enc",
               "operandTypeSpecifier" : {
                  "localId" : "16",
                  "locator" : "18:42-18:61",
                  "type" : "ListTypeSpecifier",
                  "resultTypeSpecifier" : {
                     "type" : "ListTypeSpecifier",
                     "elementType" : {
                        "name" : "{http://hl7.org/fhir}Encounter",
                        "type" : "NamedTypeSpecifier"
                     }
                  },
                  "elementType" : {
                     "localId" : "15",
                     "locator" : "18:47-18:60",
                     "resultTypeName" : "{http://hl7.org/fhir}Encounter",
                     "name" : "{http://hl7.org/fhir}Encounter",
                     "type" : "NamedTypeSpecifier"
                  }
               }
            } ]
         }, {
            "localId" : "34",
            "locator" : "24:1-26:32",
            "name" : "Completed Immunization",
            "context" : "Patient",
            "accessLevel" : "Public",
            "type" : "FunctionDef",
            "annotation" : [ {
               "type" : "Annotation",
               "s" : {
                  "r" : "34",
                  "s" : [ {
                     "value" : [ "define function ","\"Completed Immunization\"","(","Immunization"," " ]
                  }, {
                     "r" : "26",
                     "s" : [ {
                        "value" : [ "List<" ]
                     }, {
                        "r" : "25",
                        "s" : [ {
                           "value" : [ "FHIR",".","Immunization" ]
                        } ]
                     }, {
                        "value" : [ ">" ]
                     } ]
                  }, {
                     "value" : [ "):\r\n  " ]
                  }, {
                     "r" : "33",
                     "s" : [ {
                        "r" : "33",
                        "s" : [ {
                           "s" : [ {
                              "r" : "28",
                              "s" : [ {
                                 "r" : "27",
                                 "s" : [ {
                                    "s" : [ {
                                       "value" : [ "Immunization" ]
                                    } ]
                                 } ]
                              }, {
                                 "value" : [ " ","I" ]
                              } ]
                           } ]
                        }, {
                           "value" : [ "\r\n    " ]
                        }, {
                           "r" : "32",
                           "s" : [ {
                              "value" : [ "where " ]
                           }, {
                              "r" : "32",
                              "s" : [ {
                                 "r" : "30",
                                 "s" : [ {
                                    "r" : "29",
                                    "s" : [ {
                                       "value" : [ "I" ]
                                    } ]
                                 }, {
                                    "value" : [ "." ]
                                 }, {
                                    "r" : "30",
                                    "s" : [ {
                                       "value" : [ "status" ]
                                    } ]
                                 } ]
                              }, {
                                 "value" : [ " ","="," " ]
                              }, {
                                 "r" : "31",
                                 "s" : [ {
                                    "value" : [ "'completed'" ]
                                 } ]
                              } ]
                           } ]
                        } ]
                     } ]
                  } ]
               }
            } ],
            "resultTypeSpecifier" : {
               "type" : "ListTypeSpecifier",
               "elementType" : {
                  "name" : "{http://hl7.org/fhir}Immunization",
                  "type" : "NamedTypeSpecifier"
               }
            },
            "expression" : {
               "localId" : "33",
               "locator" : "25:3-26:32",
               "type" : "Query",
               "resultTypeSpecifier" : {
                  "type" : "ListTypeSpecifier",
                  "elementType" : {
                     "name" : "{http://hl7.org/fhir}Immunization",
                     "type" : "NamedTypeSpecifier"
                  }
               },
               "source" : [ {
                  "localId" : "28",
                  "locator" : "25:3-25:16",
                  "alias" : "I",
                  "resultTypeSpecifier" : {
                     "type" : "ListTypeSpecifier",
                     "elementType" : {
                        "name" : "{http://hl7.org/fhir}Immunization",
                        "type" : "NamedTypeSpecifier"
                     }
                  },
                  "expression" : {
                     "localId" : "27",
                     "locator" : "25:3-25:14",
                     "name" : "Immunization",
                     "type" : "OperandRef",
                     "resultTypeSpecifier" : {
                        "type" : "ListTypeSpecifier",
                        "elementType" : {
                           "name" : "{http://hl7.org/fhir}Immunization",
                           "type" : "NamedTypeSpecifier"
                        }
                     }
                  }
               } ],
               "relationship" : [ ],
               "where" : {
                  "localId" : "32",
                  "locator" : "26:5-26:32",
                  "resultTypeName" : "{urn:hl7-org:elm-types:r1}Boolean",
                  "type" : "Equal",
                  "operand" : [ {
                     "name" : "ToString",
                     "libraryName" : "FHIRHelpers",
                     "type" : "FunctionRef",
                     "operand" : [ {
                        "localId" : "30",
                        "locator" : "26:11-26:18",
                        "resultTypeName" : "{http://hl7.org/fhir}ImmunizationStatus",
                        "path" : "status",
                        "scope" : "I",
                        "type" : "Property"
                     } ]
                  }, {
                     "localId" : "31",
                     "locator" : "26:22-26:32",
                     "resultTypeName" : "{urn:hl7-org:elm-types:r1}String",
                     "valueType" : "{urn:hl7-org:elm-types:r1}String",
                     "value" : "completed",
                     "type" : "Literal"
                  } ]
               }
            },
            "operand" : [ {
               "name" : "Immunization",
               "operandTypeSpecifier" : {
                  "localId" : "26",
                  "locator" : "24:55-24:77",
                  "type" : "ListTypeSpecifier",
                  "resultTypeSpecifier" : {
                     "type" : "ListTypeSpecifier",
                     "elementType" : {
                        "name" : "{http://hl7.org/fhir}Immunization",
                        "type" : "NamedTypeSpecifier"
                     }
                  },
                  "elementType" : {
                     "localId" : "25",
                     "locator" : "24:60-24:76",
                     "resultTypeName" : "{http://hl7.org/fhir}Immunization",
                     "name" : "{http://hl7.org/fhir}Immunization",
                     "type" : "NamedTypeSpecifier"
                  }
               }
            } ]
         }, {
            "localId" : "44",
            "locator" : "30:1-32:32",
            "name" : "Dispensed Medication",
            "context" : "Patient",
            "accessLevel" : "Public",
            "type" : "FunctionDef",
            "annotation" : [ {
               "type" : "Annotation",
               "s" : {
                  "r" : "44",
                  "s" : [ {
                     "value" : [ "define function ","\"Dispensed Medication\"","(","Med"," " ]
                  }, {
                     "r" : "36",
                     "s" : [ {
                        "value" : [ "List<" ]
                     }, {
                        "r" : "35",
                        "s" : [ {
                           "value" : [ "FHIR",".","MedicationDispense" ]
                        } ]
                     }, {
                        "value" : [ ">" ]
                     } ]
                  }, {
                     "value" : [ "):\r\n  " ]
                  }, {
                     "r" : "43",
                     "s" : [ {
                        "r" : "43",
                        "s" : [ {
                           "s" : [ {
                              "r" : "38",
                              "s" : [ {
                                 "r" : "37",
                                 "s" : [ {
                                    "s" : [ {
                                       "value" : [ "Med" ]
                                    } ]
                                 } ]
                              }, {
                                 "value" : [ " ","M" ]
                              } ]
                           } ]
                        }, {
                           "value" : [ "\r\n    " ]
                        }, {
                           "r" : "42",
                           "s" : [ {
                              "value" : [ "where " ]
                           }, {
                              "r" : "42",
                              "s" : [ {
                                 "r" : "40",
                                 "s" : [ {
                                    "r" : "39",
                                    "s" : [ {
                                       "value" : [ "M" ]
                                    } ]
                                 }, {
                                    "value" : [ "." ]
                                 }, {
                                    "r" : "40",
                                    "s" : [ {
                                       "value" : [ "status" ]
                                    } ]
                                 } ]
                              }, {
                                 "value" : [ " ","="," " ]
                              }, {
                                 "r" : "41",
                                 "s" : [ {
                                    "value" : [ "'completed'" ]
                                 } ]
                              } ]
                           } ]
                        } ]
                     } ]
                  } ]
               }
            } ],
            "resultTypeSpecifier" : {
               "type" : "ListTypeSpecifier",
               "elementType" : {
                  "name" : "{http://hl7.org/fhir}MedicationDispense",
                  "type" : "NamedTypeSpecifier"
               }
            },
            "expression" : {
               "localId" : "43",
               "locator" : "31:3-32:32",
               "type" : "Query",
               "resultTypeSpecifier" : {
                  "type" : "ListTypeSpecifier",
                  "elementType" : {
                     "name" : "{http://hl7.org/fhir}MedicationDispense",
                     "type" : "NamedTypeSpecifier"
                  }
               },
               "source" : [ {
                  "localId" : "38",
                  "locator" : "31:3-31:7",
                  "alias" : "M",
                  "resultTypeSpecifier" : {
                     "type" : "ListTypeSpecifier",
                     "elementType" : {
                        "name" : "{http://hl7.org/fhir}MedicationDispense",
                        "type" : "NamedTypeSpecifier"
                     }
                  },
                  "expression" : {
                     "localId" : "37",
                     "locator" : "31:3-31:5",
                     "name" : "Med",
                     "type" : "OperandRef",
                     "resultTypeSpecifier" : {
                        "type" : "ListTypeSpecifier",
                        "elementType" : {
                           "name" : "{http://hl7.org/fhir}MedicationDispense",
                           "type" : "NamedTypeSpecifier"
                        }
                     }
                  }
               } ],
               "relationship" : [ ],
               "where" : {
                  "localId" : "42",
                  "locator" : "32:5-32:32",
                  "resultTypeName" : "{urn:hl7-org:elm-types:r1}Boolean",
                  "type" : "Equal",
                  "operand" : [ {
                     "name" : "ToString",
                     "libraryName" : "FHIRHelpers",
                     "type" : "FunctionRef",
                     "operand" : [ {
                        "localId" : "40",
                        "locator" : "32:11-32:18",
                        "resultTypeName" : "{http://hl7.org/fhir}MedicationDispenseStatus",
                        "path" : "status",
                        "scope" : "M",
                        "type" : "Property"
                     } ]
                  }, {
                     "localId" : "41",
                     "locator" : "32:22-32:32",
                     "resultTypeName" : "{urn:hl7-org:elm-types:r1}String",
                     "valueType" : "{urn:hl7-org:elm-types:r1}String",
                     "value" : "completed",
                     "type" : "Literal"
                  } ]
               }
            },
            "operand" : [ {
               "name" : "Med",
               "operandTypeSpecifier" : {
                  "localId" : "36",
                  "locator" : "30:44-30:72",
                  "type" : "ListTypeSpecifier",
                  "resultTypeSpecifier" : {
                     "type" : "ListTypeSpecifier",
                     "elementType" : {
                        "name" : "{http://hl7.org/fhir}MedicationDispense",
                        "type" : "NamedTypeSpecifier"
                     }
                  },
                  "elementType" : {
                     "localId" : "35",
                     "locator" : "30:49-30:71",
                     "resultTypeName" : "{http://hl7.org/fhir}MedicationDispense",
                     "name" : "{http://hl7.org/fhir}MedicationDispense",
                     "type" : "NamedTypeSpecifier"
                  }
               }
            } ]
         }, {
            "localId" : "54",
            "locator" : "36:1-38:32",
            "name" : "Completed Procedure",
            "context" : "Patient",
            "accessLevel" : "Public",
            "type" : "FunctionDef",
            "annotation" : [ {
               "type" : "Annotation",
               "s" : {
                  "r" : "54",
                  "s" : [ {
                     "value" : [ "define function ","\"Completed Procedure\"","(","Proc"," " ]
                  }, {
                     "r" : "46",
                     "s" : [ {
                        "value" : [ "List<" ]
                     }, {
                        "r" : "45",
                        "s" : [ {
                           "value" : [ "FHIR",".","Procedure" ]
                        } ]
                     }, {
                        "value" : [ ">" ]
                     } ]
                  }, {
                     "value" : [ "):\r\n  " ]
                  }, {
                     "r" : "53",
                     "s" : [ {
                        "r" : "53",
                        "s" : [ {
                           "s" : [ {
                              "r" : "48",
                              "s" : [ {
                                 "r" : "47",
                                 "s" : [ {
                                    "s" : [ {
                                       "value" : [ "Proc" ]
                                    } ]
                                 } ]
                              }, {
                                 "value" : [ " ","P" ]
                              } ]
                           } ]
                        }, {
                           "value" : [ "\r\n    " ]
                        }, {
                           "r" : "52",
                           "s" : [ {
                              "value" : [ "where " ]
                           }, {
                              "r" : "52",
                              "s" : [ {
                                 "r" : "50",
                                 "s" : [ {
                                    "r" : "49",
                                    "s" : [ {
                                       "value" : [ "P" ]
                                    } ]
                                 }, {
                                    "value" : [ "." ]
                                 }, {
                                    "r" : "50",
                                    "s" : [ {
                                       "value" : [ "status" ]
                                    } ]
                                 } ]
                              }, {
                                 "value" : [ " ","="," " ]
                              }, {
                                 "r" : "51",
                                 "s" : [ {
                                    "value" : [ "'completed'" ]
                                 } ]
                              } ]
                           } ]
                        } ]
                     } ]
                  } ]
               }
            } ],
            "resultTypeSpecifier" : {
               "type" : "ListTypeSpecifier",
               "elementType" : {
                  "name" : "{http://hl7.org/fhir}Procedure",
                  "type" : "NamedTypeSpecifier"
               }
            },
            "expression" : {
               "localId" : "53",
               "locator" : "37:3-38:32",
               "type" : "Query",
               "resultTypeSpecifier" : {
                  "type" : "ListTypeSpecifier",
                  "elementType" : {
                     "name" : "{http://hl7.org/fhir}Procedure",
                     "type" : "NamedTypeSpecifier"
                  }
               },
               "source" : [ {
                  "localId" : "48",
                  "locator" : "37:3-37:8",
                  "alias" : "P",
                  "resultTypeSpecifier" : {
                     "type" : "ListTypeSpecifier",
                     "elementType" : {
                        "name" : "{http://hl7.org/fhir}Procedure",
                        "type" : "NamedTypeSpecifier"
                     }
                  },
                  "expression" : {
                     "localId" : "47",
                     "locator" : "37:3-37:6",
                     "name" : "Proc",
                     "type" : "OperandRef",
                     "resultTypeSpecifier" : {
                        "type" : "ListTypeSpecifier",
                        "elementType" : {
                           "name" : "{http://hl7.org/fhir}Procedure",
                           "type" : "NamedTypeSpecifier"
                        }
                     }
                  }
               } ],
               "relationship" : [ ],
               "where" : {
                  "localId" : "52",
                  "locator" : "38:5-38:32",
                  "resultTypeName" : "{urn:hl7-org:elm-types:r1}Boolean",
                  "type" : "Equal",
                  "operand" : [ {
                     "name" : "ToString",
                     "libraryName" : "FHIRHelpers",
                     "type" : "FunctionRef",
                     "operand" : [ {
                        "localId" : "50",
                        "locator" : "38:11-38:18",
                        "resultTypeName" : "{http://hl7.org/fhir}ProcedureStatus",
                        "path" : "status",
                        "scope" : "P",
                        "type" : "Property"
                     } ]
                  }, {
                     "localId" : "51",
                     "locator" : "38:22-38:32",
                     "resultTypeName" : "{urn:hl7-org:elm-types:r1}String",
                     "valueType" : "{urn:hl7-org:elm-types:r1}String",
                     "value" : "completed",
                     "type" : "Literal"
                  } ]
               }
            },
            "operand" : [ {
               "name" : "Proc",
               "operandTypeSpecifier" : {
                  "localId" : "46",
                  "locator" : "36:44-36:63",
                  "type" : "ListTypeSpecifier",
                  "resultTypeSpecifier" : {
                     "type" : "ListTypeSpecifier",
                     "elementType" : {
                        "name" : "{http://hl7.org/fhir}Procedure",
                        "type" : "NamedTypeSpecifier"
                     }
                  },
                  "elementType" : {
                     "localId" : "45",
                     "locator" : "36:49-36:62",
                     "resultTypeName" : "{http://hl7.org/fhir}Procedure",
                     "name" : "{http://hl7.org/fhir}Procedure",
                     "type" : "NamedTypeSpecifier"
                  }
               }
            } ]
         }, {
            "localId" : "66",
            "locator" : "40:1-42:52",
            "name" : "Completed or Ongoing Procedure",
            "context" : "Patient",
            "accessLevel" : "Public",
            "type" : "FunctionDef",
            "annotation" : [ {
               "type" : "Annotation",
               "s" : {
                  "r" : "66",
                  "s" : [ {
                     "value" : [ "define function ","\"Completed or Ongoing Procedure\"","(","Proc"," " ]
                  }, {
                     "r" : "56",
                     "s" : [ {
                        "value" : [ "List<" ]
                     }, {
                        "r" : "55",
                        "s" : [ {
                           "value" : [ "FHIR",".","Procedure" ]
                        } ]
                     }, {
                        "value" : [ ">" ]
                     } ]
                  }, {
                     "value" : [ "):\r\n  " ]
                  }, {
                     "r" : "65",
                     "s" : [ {
                        "r" : "65",
                        "s" : [ {
                           "s" : [ {
                              "r" : "58",
                              "s" : [ {
                                 "r" : "57",
                                 "s" : [ {
                                    "s" : [ {
                                       "value" : [ "Proc" ]
                                    } ]
                                 } ]
                              }, {
                                 "value" : [ " ","P" ]
                              } ]
                           } ]
                        }, {
                           "value" : [ "\r\n    " ]
                        }, {
                           "r" : "64",
                           "s" : [ {
                              "value" : [ "where " ]
                           }, {
                              "r" : "64",
                              "s" : [ {
                                 "r" : "60",
                                 "s" : [ {
                                    "r" : "59",
                                    "s" : [ {
                                       "value" : [ "P" ]
                                    } ]
                                 }, {
                                    "value" : [ "." ]
                                 }, {
                                    "r" : "60",
                                    "s" : [ {
                                       "value" : [ "status" ]
                                    } ]
                                 } ]
                              }, {
                                 "value" : [ " in " ]
                              }, {
                                 "r" : "63",
                                 "s" : [ {
                                    "value" : [ "{ " ]
                                 }, {
                                    "r" : "61",
                                    "s" : [ {
                                       "value" : [ "'completed'" ]
                                    } ]
                                 }, {
                                    "value" : [ ", " ]
                                 }, {
                                    "r" : "62",
                                    "s" : [ {
                                       "value" : [ "'in-progress'" ]
                                    } ]
                                 }, {
                                    "value" : [ " }" ]
                                 } ]
                              } ]
                           } ]
                        } ]
                     } ]
                  } ]
               }
            } ],
            "resultTypeSpecifier" : {
               "type" : "ListTypeSpecifier",
               "elementType" : {
                  "name" : "{http://hl7.org/fhir}Procedure",
                  "type" : "NamedTypeSpecifier"
               }
            },
            "expression" : {
               "localId" : "65",
               "locator" : "41:3-42:52",
               "type" : "Query",
               "resultTypeSpecifier" : {
                  "type" : "ListTypeSpecifier",
                  "elementType" : {
                     "name" : "{http://hl7.org/fhir}Procedure",
                     "type" : "NamedTypeSpecifier"
                  }
               },
               "source" : [ {
                  "localId" : "58",
                  "locator" : "41:3-41:8",
                  "alias" : "P",
                  "resultTypeSpecifier" : {
                     "type" : "ListTypeSpecifier",
                     "elementType" : {
                        "name" : "{http://hl7.org/fhir}Procedure",
                        "type" : "NamedTypeSpecifier"
                     }
                  },
                  "expression" : {
                     "localId" : "57",
                     "locator" : "41:3-41:6",
                     "name" : "Proc",
                     "type" : "OperandRef",
                     "resultTypeSpecifier" : {
                        "type" : "ListTypeSpecifier",
                        "elementType" : {
                           "name" : "{http://hl7.org/fhir}Procedure",
                           "type" : "NamedTypeSpecifier"
                        }
                     }
                  }
               } ],
               "relationship" : [ ],
               "where" : {
                  "localId" : "64",
                  "locator" : "42:5-42:52",
                  "resultTypeName" : "{urn:hl7-org:elm-types:r1}Boolean",
                  "type" : "In",
                  "operand" : [ {
                     "name" : "ToString",
                     "libraryName" : "FHIRHelpers",
                     "type" : "FunctionRef",
                     "operand" : [ {
                        "localId" : "60",
                        "locator" : "42:11-42:18",
                        "resultTypeName" : "{http://hl7.org/fhir}ProcedureStatus",
                        "path" : "status",
                        "scope" : "P",
                        "type" : "Property"
                     } ]
                  }, {
                     "localId" : "63",
                     "locator" : "42:23-42:52",
                     "type" : "List",
                     "resultTypeSpecifier" : {
                        "type" : "ListTypeSpecifier",
                        "elementType" : {
                           "name" : "{urn:hl7-org:elm-types:r1}String",
                           "type" : "NamedTypeSpecifier"
                        }
                     },
                     "element" : [ {
                        "localId" : "61",
                        "locator" : "42:25-42:35",
                        "resultTypeName" : "{urn:hl7-org:elm-types:r1}String",
                        "valueType" : "{urn:hl7-org:elm-types:r1}String",
                        "value" : "completed",
                        "type" : "Literal"
                     }, {
                        "localId" : "62",
                        "locator" : "42:38-42:50",
                        "resultTypeName" : "{urn:hl7-org:elm-types:r1}String",
                        "valueType" : "{urn:hl7-org:elm-types:r1}String",
                        "value" : "in-progress",
                        "type" : "Literal"
                     } ]
                  } ]
               }
            },
            "operand" : [ {
               "name" : "Proc",
               "operandTypeSpecifier" : {
                  "localId" : "56",
                  "locator" : "40:55-40:74",
                  "type" : "ListTypeSpecifier",
                  "resultTypeSpecifier" : {
                     "type" : "ListTypeSpecifier",
                     "elementType" : {
                        "name" : "{http://hl7.org/fhir}Procedure",
                        "type" : "NamedTypeSpecifier"
                     }
                  },
                  "elementType" : {
                     "localId" : "55",
                     "locator" : "40:60-40:73",
                     "resultTypeName" : "{http://hl7.org/fhir}Procedure",
                     "name" : "{http://hl7.org/fhir}Procedure",
                     "type" : "NamedTypeSpecifier"
                  }
               }
            } ]
         } ]
      }
   }
}

