<?xml version="1.0" encoding="UTF-8"?>
<library xmlns="urn:hl7-org:elm:r1" xmlns:t="urn:hl7-org:elm-types:r1" xmlns:xsi="http://www.w3.org/2001/XMLSchema-instance" xmlns:xsd="http://www.w3.org/2001/XMLSchema" xmlns:fhir="http://hl7.org/fhir" xmlns:qdm43="urn:healthit-gov:qdm:v4_3" xmlns:qdm53="urn:healthit-gov:qdm:v5_3" xmlns:a="urn:hl7-org:cql-annotations:r1">
   <annotation translatorOptions="EnableAnnotations,EnableLocators,EnableResultTypes" xsi:type="a:CqlToElmInfo"/>
   <identifier id="NCQA_Terminology" version="1.0.0"/>
   <schemaIdentifier id="urn:hl7-org:elm" version="r1"/>
   <usings>
      <def localIdentifier="System" uri="urn:hl7-org:elm-types:r1"/>
      <def localId="1" locator="3:1-3:26" localIdentifier="FHIR" uri="http://hl7.org/fhir" version="4.0.1"/>
   </usings>
   <includes>
      <def localId="2" locator="5:1-5:54" localIdentifier="FHIRHelpers" path="FHIRHelpers" version="4.0.1"/>
   </includes>
   <codeSystems>
      <def localId="3" locator="7:1-7:101" name="ConditionClinicalStatusCodes" id="http://terminology.hl7.org/CodeSystem/condition-clinical" accessLevel="Public">
         <resultTypeSpecifier xsi:type="ListTypeSpecifier">
            <elementType name="t:Code" xsi:type="NamedTypeSpecifier"/>
         </resultTypeSpecifier>
      </def>
      <def localId="4" locator="8:1-8:79" name="ClaimTypeCodes" id="http://terminology.hl7.org/CodeSystem/claim-type" accessLevel="Public">
         <resultTypeSpecifier xsi:type="ListTypeSpecifier">
            <elementType name="t:Code" xsi:type="NamedTypeSpecifier"/>
         </resultTypeSpecifier>
      </def>
      <def localId="5" locator="9:1-9:82" name="ActEncounterCodes" id="http://terminology.hl7.org/CodeSystem/v3-ActCode" accessLevel="Public">
         <resultTypeSpecifier xsi:type="ListTypeSpecifier">
            <elementType name="t:Code" xsi:type="NamedTypeSpecifier"/>
         </resultTypeSpecifier>
      </def>
      <def localId="6" locator="10:1-10:76" name="IdentifierType" id="http://terminology.hl7.org/CodeSystem/v2-0203" accessLevel="Public">
         <resultTypeSpecifier xsi:type="ListTypeSpecifier">
            <elementType name="t:Code" xsi:type="NamedTypeSpecifier"/>
         </resultTypeSpecifier>
      </def>
   </codeSystems>
   <codes>
      <def localId="8" locator="14:1-14:59" resultTypeName="t:Code" name="active" id="active" accessLevel="Public">
         <codeSystem localId="7" locator="14:30-14:59" name="ConditionClinicalStatusCodes">
            <resultTypeSpecifier xsi:type="ListTypeSpecifier">
               <elementType name="t:Code" xsi:type="NamedTypeSpecifier"/>
            </resultTypeSpecifier>
         </codeSystem>
      </def>
      <def localId="10" locator="15:1-15:67" resultTypeName="t:Code" name="recurrence" id="recurrence" accessLevel="Public">
         <codeSystem localId="9" locator="15:38-15:67" name="ConditionClinicalStatusCodes">
            <resultTypeSpecifier xsi:type="ListTypeSpecifier">
               <elementType name="t:Code" xsi:type="NamedTypeSpecifier"/>
            </resultTypeSpecifier>
         </codeSystem>
      </def>
      <def localId="12" locator="16:1-16:61" resultTypeName="t:Code" name="relapse" id="relapse" accessLevel="Public">
         <codeSystem localId="11" locator="16:32-16:61" name="ConditionClinicalStatusCodes">
            <resultTypeSpecifier xsi:type="ListTypeSpecifier">
               <elementType name="t:Code" xsi:type="NamedTypeSpecifier"/>
            </resultTypeSpecifier>
         </codeSystem>
      </def>
      <def localId="14" locator="17:1-17:63" resultTypeName="t:Code" name="inactive" id="inactive" accessLevel="Public">
         <codeSystem localId="13" locator="17:34-17:63" name="ConditionClinicalStatusCodes">
            <resultTypeSpecifier xsi:type="ListTypeSpecifier">
               <elementType name="t:Code" xsi:type="NamedTypeSpecifier"/>
            </resultTypeSpecifier>
         </codeSystem>
      </def>
      <def localId="16" locator="18:1-18:65" resultTypeName="t:Code" name="remission" id="remission" accessLevel="Public">
         <codeSystem localId="15" locator="18:36-18:65" name="ConditionClinicalStatusCodes">
            <resultTypeSpecifier xsi:type="ListTypeSpecifier">
               <elementType name="t:Code" xsi:type="NamedTypeSpecifier"/>
            </resultTypeSpecifier>
         </codeSystem>
      </def>
      <def localId="18" locator="19:1-19:63" resultTypeName="t:Code" name="resolved" id="resolved" accessLevel="Public">
         <codeSystem localId="17" locator="19:34-19:63" name="ConditionClinicalStatusCodes">
            <resultTypeSpecifier xsi:type="ListTypeSpecifier">
               <elementType name="t:Code" xsi:type="NamedTypeSpecifier"/>
            </resultTypeSpecifier>
         </codeSystem>
      </def>
      <def localId="20" locator="22:1-22:49" resultTypeName="t:Code" name="Pharmacy" id="pharmacy" accessLevel="Public">
         <codeSystem localId="19" locator="22:34-22:49" name="ClaimTypeCodes">
            <resultTypeSpecifier xsi:type="ListTypeSpecifier">
               <elementType name="t:Code" xsi:type="NamedTypeSpecifier"/>
            </resultTypeSpecifier>
         </codeSystem>
      </def>
      <def localId="22" locator="23:1-23:59" resultTypeName="t:Code" name="Institutional" id="institutional" accessLevel="Public">
         <codeSystem localId="21" locator="23:44-23:59" name="ClaimTypeCodes">
            <resultTypeSpecifier xsi:type="ListTypeSpecifier">
               <elementType name="t:Code" xsi:type="NamedTypeSpecifier"/>
            </resultTypeSpecifier>
         </codeSystem>
      </def>
      <def localId="24" locator="24:1-24:57" resultTypeName="t:Code" name="Professional" id="professional" accessLevel="Public">
         <codeSystem localId="23" locator="24:42-24:57" name="ClaimTypeCodes">
            <resultTypeSpecifier xsi:type="ListTypeSpecifier">
               <elementType name="t:Code" xsi:type="NamedTypeSpecifier"/>
            </resultTypeSpecifier>
         </codeSystem>
      </def>
      <def localId="26" locator="25:1-25:41" resultTypeName="t:Code" name="Oral" id="oral" accessLevel="Public">
         <codeSystem localId="25" locator="25:26-25:41" name="ClaimTypeCodes">
            <resultTypeSpecifier xsi:type="ListTypeSpecifier">
               <elementType name="t:Code" xsi:type="NamedTypeSpecifier"/>
            </resultTypeSpecifier>
         </codeSystem>
      </def>
      <def localId="28" locator="26:1-26:45" resultTypeName="t:Code" name="Vision" id="vision" accessLevel="Public">
         <codeSystem localId="27" locator="26:30-26:45" name="ClaimTypeCodes">
            <resultTypeSpecifier xsi:type="ListTypeSpecifier">
               <elementType name="t:Code" xsi:type="NamedTypeSpecifier"/>
            </resultTypeSpecifier>
         </codeSystem>
      </def>
      <def localId="30" locator="29:1-29:45" resultTypeName="t:Code" name="virtual" id="VR" accessLevel="Public">
         <codeSystem localId="29" locator="29:27-29:45" name="ActEncounterCodes">
            <resultTypeSpecifier xsi:type="ListTypeSpecifier">
               <elementType name="t:Code" xsi:type="NamedTypeSpecifier"/>
            </resultTypeSpecifier>
         </codeSystem>
      </def>
      <def localId="32" locator="30:1-30:49" resultTypeName="t:Code" name="ambulatory" id="AMB" accessLevel="Public">
         <codeSystem localId="31" locator="30:31-30:49" name="ActEncounterCodes">
            <resultTypeSpecifier xsi:type="ListTypeSpecifier">
               <elementType name="t:Code" xsi:type="NamedTypeSpecifier"/>
            </resultTypeSpecifier>
         </codeSystem>
      </def>
      <def localId="34" locator="31:1-31:49" resultTypeName="t:Code" name="home health" id="HH" accessLevel="Public">
         <codeSystem localId="33" locator="31:31-31:49" name="ActEncounterCodes">
            <resultTypeSpecifier xsi:type="ListTypeSpecifier">
               <elementType name="t:Code" xsi:type="NamedTypeSpecifier"/>
            </resultTypeSpecifier>
         </codeSystem>
      </def>
      <def localId="36" locator="32:1-32:60" resultTypeName="t:Code" name="inpatient non-acute" id="NONAC" accessLevel="Public">
         <codeSystem localId="35" locator="32:42-32:60" name="ActEncounterCodes">
            <resultTypeSpecifier xsi:type="ListTypeSpecifier">
               <elementType name="t:Code" xsi:type="NamedTypeSpecifier"/>
            </resultTypeSpecifier>
         </codeSystem>
      </def>
      <def localId="38" locator="33:1-33:49" resultTypeName="t:Code" name="emergency" id="EMER" accessLevel="Public">
         <codeSystem localId="37" locator="33:31-33:49" name="ActEncounterCodes">
            <resultTypeSpecifier xsi:type="ListTypeSpecifier">
               <elementType name="t:Code" xsi:type="NamedTypeSpecifier"/>
            </resultTypeSpecifier>
         </codeSystem>
      </def>
      <def localId="40" locator="34:1-34:56" resultTypeName="t:Code" name="inpatient acute" id="ACUTE" accessLevel="Public">
         <codeSystem localId="39" locator="34:38-34:56" name="ActEncounterCodes">
            <resultTypeSpecifier xsi:type="ListTypeSpecifier">
               <elementType name="t:Code" xsi:type="NamedTypeSpecifier"/>
            </resultTypeSpecifier>
         </codeSystem>
      </def>
      <def localId="42" locator="37:1-37:54" resultTypeName="t:Code" name="drug policy" id="DRUGPOL" accessLevel="Public">
         <codeSystem localId="41" locator="37:36-37:54" name="ActEncounterCodes">
            <resultTypeSpecifier xsi:type="ListTypeSpecifier">
               <elementType name="t:Code" xsi:type="NamedTypeSpecifier"/>
            </resultTypeSpecifier>
         </codeSystem>
      </def>
      <def localId="44" locator="38:1-38:63" resultTypeName="t:Code" name="mental health policy" id="MENTPOL" accessLevel="Public">
         <codeSystem localId="43" locator="38:45-38:63" name="ActEncounterCodes">
            <resultTypeSpecifier xsi:type="ListTypeSpecifier">
               <elementType name="t:Code" xsi:type="NamedTypeSpecifier"/>
            </resultTypeSpecifier>
         </codeSystem>
      </def>
      <def localId="46" locator="39:1-39:60" resultTypeName="t:Code" name="managed care policy" id="MCPOL" accessLevel="Public">
         <codeSystem localId="45" locator="39:42-39:60" name="ActEncounterCodes">
            <resultTypeSpecifier xsi:type="ListTypeSpecifier">
               <elementType name="t:Code" xsi:type="NamedTypeSpecifier"/>
            </resultTypeSpecifier>
         </codeSystem>
      </def>
      <def localId="48" locator="40:1-40:69" resultTypeName="t:Code" name="subsidized health program" id="SUBSIDIZ" accessLevel="Public">
         <codeSystem localId="47" locator="40:51-40:69" name="ActEncounterCodes">
            <resultTypeSpecifier xsi:type="ListTypeSpecifier">
               <elementType name="t:Code" xsi:type="NamedTypeSpecifier"/>
            </resultTypeSpecifier>
         </codeSystem>
      </def>
      <def localId="50" locator="41:1-41:64" resultTypeName="t:Code" name="retiree health program" id="RETIRE" accessLevel="Public">
         <codeSystem localId="49" locator="41:46-41:64" name="ActEncounterCodes">
            <resultTypeSpecifier xsi:type="ListTypeSpecifier">
               <elementType name="t:Code" xsi:type="NamedTypeSpecifier"/>
            </resultTypeSpecifier>
         </codeSystem>
      </def>
      <def localId="52" locator="42:1-42:62" resultTypeName="t:Code" name="substance use policy" id="SUBPOL" accessLevel="Public">
         <codeSystem localId="51" locator="42:44-42:62" name="ActEncounterCodes">
            <resultTypeSpecifier xsi:type="ListTypeSpecifier">
               <elementType name="t:Code" xsi:type="NamedTypeSpecifier"/>
            </resultTypeSpecifier>
         </codeSystem>
      </def>
      <def localId="54" locator="45:1-45:51" resultTypeName="t:Code" name="Provider number" id="PRN" accessLevel="Public">
         <codeSystem localId="53" locator="45:36-45:51" name="IdentifierType">
            <resultTypeSpecifier xsi:type="ListTypeSpecifier">
               <elementType name="t:Code" xsi:type="NamedTypeSpecifier"/>
            </resultTypeSpecifier>
         </codeSystem>
      </def>
   </codes>
</library>


